text,label
"Mera old ration card kho gaya hai, duplicate kaise milega? Rahul.",ration
"Sunita bol raha/rahi hu, ration card se naam remove karna hai.",ration
"Anita bol raha/rahi hu, ration card se naam remove karna hai.",ration
"Priya hu, mera ration card apply kiya tha par abhi tak mila nahi.",ration
"Sunita hu, mera ration card apply kiya tha par abhi tak mila nahi.",ration
"Mera ration card update karna hai, Neha bol raha/rahi hu.",ration
"Ration shop se pura ration nahi mil raha, complaint karni hai, Karan.",ration
"Arjun bol raha/rahi hu, ration card se naam remove karna hai.",ration
"Deepak bol raha/rahi hu, ration card se naam remove karna hai.",ration
"Mera ration card address change karna hai, Rajesh bol raha/rahi hu.",ration
"Kavita bol raha/rahi hu, ration card se naam remove karna hai.",ration
"Mere family members ration card me add karne hai, Vikas speaking.",ration
"Amit hu, ration card download kaise karte hain?",ration
"Mera old ration card kho gaya hai, duplicate kaise milega? Manoj.",ration
"Mere family members ration card me add karne hai, Ritu speaking.",ration
"Ravi bol raha/rahi hu, ration card se naam remove karna hai.",ration
"Mera ration card address change karna hai, Seema bol raha/rahi hu.",ration
"Mere family members ration card me add karne hai, Priya speaking.",ration
"Ration shop se pura ration nahi mil raha, complaint karni hai, Suresh.",ration
"Kavita bol raha/rahi hu, ration card se naam remove karna hai.",ration
"Anita hu, mera ration card apply kiya tha par abhi tak mila nahi.",ration
"Sunita bol raha/rahi hu, ration card se naam remove karna hai.",ration
"Mera ration card update karna hai, Amit bol raha/rahi hu.",ration
"Mera old ration card kho gaya hai, duplicate kaise milega? Neha.",ration
"Karan yahan, mera ration card list me naam add nahi hua hai.",ration
"Suresh hu, mera ration card apply kiya tha par abhi tak mila nahi.",ration
"Rahul hu, ration card download kaise karte hain?",ration
"Deepak yahan, mera ration card list me naam add nahi hua hai.",ration
"Mera ration card update karna hai, Pooja bol raha/rahi hu.",ration
"Mere family members ration card me add karne hai, Ravi speaking.",ration
"Suresh hu, ration card download kaise karte hain?",ration
"Mera ration card update karna hai, Deepak bol raha/rahi hu.",ration
"Mera ration card address change karna hai, Kavita bol raha/rahi hu.",ration
"Mera old ration card kho gaya hai, duplicate kaise milega? Sunita.",ration
"Deepak hu, ration card download kaise karte hain?",ration
"Ravi hu, ration card download kaise karte hain?",ration
"Anita hu, mera ration card apply kiya tha par abhi tak mila nahi.",ration
"Ration shop se pura ration nahi mil raha, complaint karni hai, Priya.",ration
"Nisha yahan, mera ration card list me naam add nahi hua hai.",ration
"Sunita bol raha/rahi hu, ration card se naam remove karna hai.",ration
"Priya bol raha/rahi hu, ration card se naam remove karna hai.",ration
"Manoj yahan, mera ration card list me naam add nahi hua hai.",ration
"Kavita bol raha/rahi hu, ration card se naam remove karna hai.",ration
"Amit yahan, mera ration card list me naam add nahi hua hai.",ration
"Deepak hu, mera ration card apply kiya tha par abhi tak mila nahi.",ration
"Suresh hu, ration card download kaise karte hain?",ration
"Arjun bol raha/rahi hu, ration card se naam remove karna hai.",ration
"Ration shop se pura ration nahi mil raha, complaint karni hai, Suresh.",ration
"Mera ration card address change karna hai, Amit bol raha/rahi hu.",ration
"Sunita yahan, mera ration card list me naam add nahi hua hai.",ration
"Sunita hu, ration card download kaise karte hain?",ration
"Deepak bol raha/rahi hu, ration card se naam remove karna hai.",ration
"Mere family members ration card me add karne hai, Manoj speaking.",ration
"Mera ration card update karna hai, Arjun bol raha/rahi hu.",ration
"Priya hu, mera ration card apply kiya tha par abhi tak mila nahi.",ration
"Meena hu, mera ration card apply kiya tha par abhi tak mila nahi.",ration
"Mera ration card update karna hai, Seema bol raha/rahi hu.",ration
"Mera old ration card kho gaya hai, duplicate kaise milega? Arjun.",ration
"Mere family members ration card me add karne hai, Manoj speaking.",ration
Ration card ka status kaise check karu? Anita puch raha/rahi hu.,ration
"Ravi yahan, mera ration card list me naam add nahi hua hai.",ration
"Nisha bol raha/rahi hu, ration card se naam remove karna hai.",ration
"Mera ration card address change karna hai, Ritu bol raha/rahi hu.",ration
"Mere family members ration card me add karne hai, Suresh speaking.",ration
"Ravi hu, ration card download kaise karte hain?",ration
Ration card ka status kaise check karu? Neha puch raha/rahi hu.,ration
Ration card ka status kaise check karu? Neha puch raha/rahi hu.,ration
"Mera old ration card kho gaya hai, duplicate kaise milega? Rahul.",ration
"Sunita hu, ration card download kaise karte hain?",ration
"Mera ration card update karna hai, Neha bol raha/rahi hu.",ration
"Ration shop se pura ration nahi mil raha, complaint karni hai, Manoj.",ration
"Ration shop se pura ration nahi mil raha, complaint karni hai, Manoj.",ration
"Ration shop se pura ration nahi mil raha, complaint karni hai, Nisha.",ration
"Mera ration card address change karna hai, Amit bol raha/rahi hu.",ration
"Ration shop se pura ration nahi mil raha, complaint karni hai, Amit.",ration
"Mere family members ration card me add karne hai, Arjun speaking.",ration
"Seema yahan, mera ration card list me naam add nahi hua hai.",ration
"Mera ration card update karna hai, Karan bol raha/rahi hu.",ration
"Mere family members ration card me add karne hai, Suresh speaking.",ration
"Mere family members ration card me add karne hai, Karan speaking.",ration
"Mera ration card update karna hai, Vikas bol raha/rahi hu.",ration
Ration card ka status kaise check karu? Neha puch raha/rahi hu.,ration
"Mera ration card address change karna hai, Amit bol raha/rahi hu.",ration
"Rajesh hu, ration card download kaise karte hain?",ration
"Pooja hu, ration card download kaise karte hain?",ration
"Mere family members ration card me add karne hai, Seema speaking.",ration
"Rahul hu, ration card download kaise karte hain?",ration
"Meena bol raha/rahi hu, ration card se naam remove karna hai.",ration
"Amit hu, mera ration card apply kiya tha par abhi tak mila nahi.",ration
"Mera ration card address change karna hai, Rahul bol raha/rahi hu.",ration
"Mera ration card address change karna hai, Nisha bol raha/rahi hu.",ration
"Mera ration card update karna hai, Rahul bol raha/rahi hu.",ration
"Mera ration card update karna hai, Seema bol raha/rahi hu.",ration
"Rahul hu, ration card download kaise karte hain?",ration
"Mere family members ration card me add karne hai, Arjun speaking.",ration
"Ritu bol raha/rahi hu, ration card se naam remove karna hai.",ration
"Ration shop se pura ration nahi mil raha, complaint karni hai, Priya.",ration
"Mere family members ration card me add karne hai, Manoj speaking.",ration
"Pooja hu, mera ration card apply kiya tha par abhi tak mila nahi.",ration
"Ration shop se pura ration nahi mil raha, complaint karni hai, Suresh.",ration
"Mera ration card update karna hai, Vikas bol raha/rahi hu.",ration
"Mere family members ration card me add karne hai, Amit speaking.",ration
"Ration shop se pura ration nahi mil raha, complaint karni hai, Arjun.",ration
"Rahul yahan, mera ration card list me naam add nahi hua hai.",ration
"Rajesh bol raha/rahi hu, ration card se naam remove karna hai.",ration
"Mera ration card update karna hai, Amit bol raha/rahi hu.",ration
"Kavita hu, ration card download kaise karte hain?",ration
"Mera ration card address change karna hai, Deepak bol raha/rahi hu.",ration
"Anita hu, mera ration card apply kiya tha par abhi tak mila nahi.",ration
"Ritu hu, mera ration card apply kiya tha par abhi tak mila nahi.",ration
"Amit yahan, mera ration card list me naam add nahi hua hai.",ration
"Ration shop se pura ration nahi mil raha, complaint karni hai, Kavita.",ration
"Rajesh bol raha/rahi hu, ration card se naam remove karna hai.",ration
"Mera old ration card kho gaya hai, duplicate kaise milega? Vikas.",ration
"Mera old ration card kho gaya hai, duplicate kaise milega? Rajesh.",ration
"Mera old ration card kho gaya hai, duplicate kaise milega? Nisha.",ration
Ration card ka status kaise check karu? Nisha puch raha/rahi hu.,ration
"Seema hu, ration card download kaise karte hain?",ration
"Mera ration card update karna hai, Priya bol raha/rahi hu.",ration
"Mera ration card update karna hai, Ritu bol raha/rahi hu.",ration
"Mere family members ration card me add karne hai, Kavita speaking.",ration
"Priya hu, ration card download kaise karte hain?",ration
"Rahul hu, ration card download kaise karte hain?",ration
"Karan hu, mera ration card apply kiya tha par abhi tak mila nahi.",ration
"Nisha bol raha/rahi hu, ration card se naam remove karna hai.",ration
"Ritu yahan, mera ration card list me naam add nahi hua hai.",ration
"Mere family members ration card me add karne hai, Ritu speaking.",ration
"Pooja hu, ration card download kaise karte hain?",ration
"Mera ration card address change karna hai, Pooja bol raha/rahi hu.",ration
"Mere family members ration card me add karne hai, Meena speaking.",ration
"Priya hu, mera ration card apply kiya tha par abhi tak mila nahi.",ration
"Mera old ration card kho gaya hai, duplicate kaise milega? Vikas.",ration
"Ration shop se pura ration nahi mil raha, complaint karni hai, Karan.",ration
"Mere family members ration card me add karne hai, Priya speaking.",ration
"Mera ration card update karna hai, Karan bol raha/rahi hu.",ration
"Anita hu, mera ration card apply kiya tha par abhi tak mila nahi.",ration
"Neha yahan, mera ration card list me naam add nahi hua hai.",ration
"Ravi hu, ration card download kaise karte hain?",ration
"Mera ration card update karna hai, Karan bol raha/rahi hu.",ration
"Mera old ration card kho gaya hai, duplicate kaise milega? Priya.",ration
"Mere family members ration card me add karne hai, Karan speaking.",ration
"Sunita hu, mera ration card apply kiya tha par abhi tak mila nahi.",ration
"Meena bol raha/rahi hu, ration card se naam remove karna hai.",ration
"Amit hu, ration card download kaise karte hain?",ration
"Deepak yahan, mera ration card list me naam add nahi hua hai.",ration
"Suresh bol raha/rahi hu, ration card se naam remove karna hai.",ration
"Amit hu, ration card download kaise karte hain?",ration
"Rajesh hu, ration card download kaise karte hain?",ration
"Manoj hu, mera ration card apply kiya tha par abhi tak mila nahi.",ration
Ration card ka status kaise check karu? Suresh puch raha/rahi hu.,ration
"Deepak bol raha/rahi hu, ration card se naam remove karna hai.",ration
"Mera ration card update karna hai, Deepak bol raha/rahi hu.",ration
"Mera ration card address change karna hai, Vikas bol raha/rahi hu.",ration
"Ration shop se pura ration nahi mil raha, complaint karni hai, Seema.",ration
"Mera ration card update karna hai, Ravi bol raha/rahi hu.",ration
"Seema bol raha/rahi hu, ration card se naam remove karna hai.",ration
"Ration shop se pura ration nahi mil raha, complaint karni hai, Karan.",ration
"Ration shop se pura ration nahi mil raha, complaint karni hai, Suresh.",ration
"Meena yahan, mera ration card list me naam add nahi hua hai.",ration
"Mere family members ration card me add karne hai, Amit speaking.",ration
"Mera ration card update karna hai, Ritu bol raha/rahi hu.",ration
"Rahul bol raha/rahi hu, ration card se naam remove karna hai.",ration
Ration card ka status kaise check karu? Manoj puch raha/rahi hu.,ration
"Mere family members ration card me add karne hai, Deepak speaking.",ration
"Mera ration card update karna hai, Amit bol raha/rahi hu.",ration
"Ritu yahan, mera ration card list me naam add nahi hua hai.",ration
"Anita bol raha/rahi hu, ration card se naam remove karna hai.",ration
"Nisha hu, ration card download kaise karte hain?",ration
"Ration shop se pura ration nahi mil raha, complaint karni hai, Pooja.",ration
"Rahul hu, mera ration card apply kiya tha par abhi tak mila nahi.",ration
"Mera old ration card kho gaya hai, duplicate kaise milega? Ravi.",ration
"Mere family members ration card me add karne hai, Anita speaking.",ration
"Mera old ration card kho gaya hai, duplicate kaise milega? Rajesh.",ration
"Suresh yahan, mera ration card list me naam add nahi hua hai.",ration
"Amit hu, ration card download kaise karte hain?",ration
"Seema hu, mera ration card apply kiya tha par abhi tak mila nahi.",ration
"Mera ration card update karna hai, Manoj bol raha/rahi hu.",ration
"Mera old ration card kho gaya hai, duplicate kaise milega? Sunita.",ration
"Ration shop se pura ration nahi mil raha, complaint karni hai, Nisha.",ration
"Arjun hu, mera ration card apply kiya tha par abhi tak mila nahi.",ration
"Sunita hu, mera ration card apply kiya tha par abhi tak mila nahi.",ration
"Pooja hu, mera ration card apply kiya tha par abhi tak mila nahi.",ration
"Mera old ration card kho gaya hai, duplicate kaise milega? Ritu.",ration
"Mera old ration card kho gaya hai, duplicate kaise milega? Seema.",ration
"Deepak yahan, mera ration card list me naam add nahi hua hai.",ration
"Mera ration card address change karna hai, Karan bol raha/rahi hu.",ration
"Mera old ration card kho gaya hai, duplicate kaise milega? Ravi.",ration
"Mere family members ration card me add karne hai, Rajesh speaking.",ration
"Mera ration card address change karna hai, Meena bol raha/rahi hu.",ration
"Vikas hu, ration card download kaise karte hain?",ration
"Arjun hu, ration card download kaise karte hain?",ration
"Mera old ration card kho gaya hai, duplicate kaise milega? Ritu.",ration
"Arjun yahan, mera ration card list me naam add nahi hua hai.",ration
Ration card ka status kaise check karu? Vikas puch raha/rahi hu.,ration
"Mera ration card address change karna hai, Anita bol raha/rahi hu.",ration
"Vikas bol raha/rahi hu, ration card se naam remove karna hai.",ration
"Rajesh hu, ration card download kaise karte hain?",ration
"Mera old ration card kho gaya hai, duplicate kaise milega? Priya.",ration
"Arjun hu, mera ration card apply kiya tha par abhi tak mila nahi.",ration
"Mere family members ration card me add karne hai, Vikas speaking.",ration
"Mere family members ration card me add karne hai, Pooja speaking.",ration
"Mera old ration card kho gaya hai, duplicate kaise milega? Deepak.",ration
"Mera ration card update karna hai, Seema bol raha/rahi hu.",ration
Ration card ka status kaise check karu? Seema puch raha/rahi hu.,ration
"Kavita yahan, mera ration card list me naam add nahi hua hai.",ration
"Mera ration card update karna hai, Anita bol raha/rahi hu.",ration
"Mere family members ration card me add karne hai, Anita speaking.",ration
"Mera old ration card kho gaya hai, duplicate kaise milega? Arjun.",ration
"Mera ration card update karna hai, Ritu bol raha/rahi hu.",ration
"Ration shop se pura ration nahi mil raha, complaint karni hai, Amit.",ration
"Mera old ration card kho gaya hai, duplicate kaise milega? Karan.",ration
"Seema yahan, mera ration card list me naam add nahi hua hai.",ration
"Arjun yahan, mera ration card list me naam add nahi hua hai.",ration
"Arjun bol raha/rahi hu, ration card se naam remove karna hai.",ration
"Mera ration card update karna hai, Sunita bol raha/rahi hu.",ration
"Karan yahan, mera ration card list me naam add nahi hua hai.",ration
"Anita bol raha/rahi hu, ration card se naam remove karna hai.",ration
"Arjun hu, ration card download kaise karte hain?",ration
"Mera old ration card kho gaya hai, duplicate kaise milega? Vikas.",ration
"Mera old ration card kho gaya hai, duplicate kaise milega? Ravi.",ration
"Neha bol raha/rahi hu, ration card se naam remove karna hai.",ration
"Seema yahan, mera ration card list me naam add nahi hua hai.",ration
"Anita hu, ration card download kaise karte hain?",ration
"Mera ration card update karna hai, Rahul bol raha/rahi hu.",ration
"Mera old ration card kho gaya hai, duplicate kaise milega? Priya.",ration
"Mera old ration card kho gaya hai, duplicate kaise milega? Amit.",ration
"Mere family members ration card me add karne hai, Karan speaking.",ration
"Ration shop se pura ration nahi mil raha, complaint karni hai, Ritu.",ration
"Mera ration card address change karna hai, Arjun bol raha/rahi hu.",ration
"Ritu hu, ration card download kaise karte hain?",ration
"Mera ration card address change karna hai, Ritu bol raha/rahi hu.",ration
"Mera old ration card kho gaya hai, duplicate kaise milega? Neha.",ration
"Mera old ration card kho gaya hai, duplicate kaise milega? Meena.",ration
"Pooja hu, mera ration card apply kiya tha par abhi tak mila nahi.",ration
"Mera ration card address change karna hai, Suresh bol raha/rahi hu.",ration
"Amit hu, ration card download kaise karte hain?",ration
"Mera ration card update karna hai, Sunita bol raha/rahi hu.",ration
Ration card ka status kaise check karu? Rajesh puch raha/rahi hu.,ration
"Mera old ration card kho gaya hai, duplicate kaise milega? Kavita.",ration
"Rahul bol raha/rahi hu, ration card se naam remove karna hai.",ration
"Neha hu, ration card download kaise karte hain?",ration
"Mere family members ration card me add karne hai, Karan speaking.",ration
"Seema hu, mera ration card apply kiya tha par abhi tak mila nahi.",ration
"Mera old ration card kho gaya hai, duplicate kaise milega? Kavita.",ration
"Mera ration card update karna hai, Manoj bol raha/rahi hu.",ration
Ration card ka status kaise check karu? Ravi puch raha/rahi hu.,ration
"Mera old ration card kho gaya hai, duplicate kaise milega? Priya.",ration
"Amit yahan, mera ration card list me naam add nahi hua hai.",ration
"Mera ration card update karna hai, Amit bol raha/rahi hu.",ration
"Mera ration card address change karna hai, Ravi bol raha/rahi hu.",ration
"Ration shop se pura ration nahi mil raha, complaint karni hai, Rahul.",ration
"Mera ration card update karna hai, Rajesh bol raha/rahi hu.",ration
"Mera ration card update karna hai, Kavita bol raha/rahi hu.",ration
"Mera ration card address change karna hai, Meena bol raha/rahi hu.",ration
"Mera ration card address change karna hai, Anita bol raha/rahi hu.",ration
"Mere family members ration card me add karne hai, Neha speaking.",ration
"Mere family members ration card me add karne hai, Rahul speaking.",ration
"Vikas hu, mera ration card apply kiya tha par abhi tak mila nahi.",ration
"Mera ration card address change karna hai, Sunita bol raha/rahi hu.",ration
"Ration shop se pura ration nahi mil raha, complaint karni hai, Meena.",ration
"Mere family members ration card me add karne hai, Ritu speaking.",ration
"Mere family members ration card me add karne hai, Karan speaking.",ration
"Mera ration card address change karna hai, Sunita bol raha/rahi hu.",ration
"Ravi bol raha/rahi hu, ration card se naam remove karna hai.",ration
"Ritu hu, ration card download kaise karte hain?",ration
"Rahul hu, ration card download kaise karte hain?",ration
"Mera ration card address change karna hai, Rahul bol raha/rahi hu.",ration
"Mera ration card address change karna hai, Meena bol raha/rahi hu.",ration
"Arjun hu, ration card download kaise karte hain?",ration
"Ravi yahan, mera ration card list me naam add nahi hua hai.",ration
"Mera ration card address change karna hai, Amit bol raha/rahi hu.",ration
"Mera ration card address change karna hai, Nisha bol raha/rahi hu.",ration
Ration card ka status kaise check karu? Arjun puch raha/rahi hu.,ration
"Amit hu, ration card download kaise karte hain?",ration
"Mera ration card address change karna hai, Priya bol raha/rahi hu.",ration
"Ration shop se pura ration nahi mil raha, complaint karni hai, Manoj.",ration
"Mera ration card address change karna hai, Deepak bol raha/rahi hu.",ration
"Mera ration card update karna hai, Arjun bol raha/rahi hu.",ration
"Ritu bol raha/rahi hu, ration card se naam remove karna hai.",ration
"Neha yahan, mera ration card list me naam add nahi hua hai.",ration
"Ration shop se pura ration nahi mil raha, complaint karni hai, Kavita.",ration
Ration card ka status kaise check karu? Vikas puch raha/rahi hu.,ration
"Priya bol raha/rahi hu, ration card se naam remove karna hai.",ration
"Nisha hu, ration card download kaise karte hain?",ration
Ration card ka status kaise check karu? Suresh puch raha/rahi hu.,ration
"Meena hu, ration card download kaise karte hain?",ration
"Mera ration card address change karna hai, Karan bol raha/rahi hu.",ration
"Ration shop se pura ration nahi mil raha, complaint karni hai, Sunita.",ration
"Nisha bol raha/rahi hu, ration card se naam remove karna hai.",ration
"Pooja hu, mera ration card apply kiya tha par abhi tak mila nahi.",ration
Ration card ka status kaise check karu? Karan puch raha/rahi hu.,ration
"Rajesh yahan, mera ration card list me naam add nahi hua hai.",ration
"Nisha yahan, mera ration card list me naam add nahi hua hai.",ration
"Amit bol raha/rahi hu, ration card se naam remove karna hai.",ration
"Mere family members ration card me add karne hai, Arjun speaking.",ration
"Mera old ration card kho gaya hai, duplicate kaise milega? Sunita.",ration
Ration card ka status kaise check karu? Manoj puch raha/rahi hu.,ration
"Vikas bol raha/rahi hu, ration card se naam remove karna hai.",ration
"Ration shop se pura ration nahi mil raha, complaint karni hai, Anita.",ration
"Kavita yahan, mera ration card list me naam add nahi hua hai.",ration
"Mere family members ration card me add karne hai, Nisha speaking.",ration
Ration card ka status kaise check karu? Pooja puch raha/rahi hu.,ration
"Mere family members ration card me add karne hai, Meena speaking.",ration
"Ration shop se pura ration nahi mil raha, complaint karni hai, Meena.",ration
"Mera old ration card kho gaya hai, duplicate kaise milega? Seema.",ration
"Arjun bol raha/rahi hu, ration card se naam remove karna hai.",ration
"Karan yahan, mera ration card list me naam add nahi hua hai.",ration
"Sunita yahan, mera ration card list me naam add nahi hua hai.",ration
"Nisha bol raha/rahi hu, ration card se naam remove karna hai.",ration
"Ration shop se pura ration nahi mil raha, complaint karni hai, Nisha.",ration
"Mera ration card address change karna hai, Manoj bol raha/rahi hu.",ration
"Mera old ration card kho gaya hai, duplicate kaise milega? Deepak.",ration
Ration card ka status kaise check karu? Seema puch raha/rahi hu.,ration
"Mera ration card address change karna hai, Arjun bol raha/rahi hu.",ration
"Mera old ration card kho gaya hai, duplicate kaise milega? Anita.",ration
"Ration shop se pura ration nahi mil raha, complaint karni hai, Rajesh.",ration
Ration card ka status kaise check karu? Priya puch raha/rahi hu.,ration
"Ration shop se pura ration nahi mil raha, complaint karni hai, Nisha.",ration
"Priya hu, ration card download kaise karte hain?",ration
"Mera ration card update karna hai, Priya bol raha/rahi hu.",ration
"Mera ration card address change karna hai, Vikas bol raha/rahi hu.",ration
"Mera ration card address change karna hai, Anita bol raha/rahi hu.",ration
"Mera ration card update karna hai, Vikas bol raha/rahi hu.",ration
"Meena bol raha/rahi hu, ration card se naam remove karna hai.",ration
"Deepak hu, mera ration card apply kiya tha par abhi tak mila nahi.",ration
"Kavita hu, mera ration card apply kiya tha par abhi tak mila nahi.",ration
"Rajesh bol raha/rahi hu, ration card se naam remove karna hai.",ration
"Arjun hu, ration card download kaise karte hain?",ration
"Pooja yahan, mera ration card list me naam add nahi hua hai.",ration
"Meena yahan, mera ration card list me naam add nahi hua hai.",ration
"Mere family members ration card me add karne hai, Suresh speaking.",ration
"Priya yahan, mera ration card list me naam add nahi hua hai.",ration
"Mere family members ration card me add karne hai, Amit speaking.",ration
"Anita hu, mera ration card apply kiya tha par abhi tak mila nahi.",ration
"Vikas yahan, mera ration card list me naam add nahi hua hai.",ration
"Mera ration card update karna hai, Manoj bol raha/rahi hu.",ration
Ration card ka status kaise check karu? Arjun puch raha/rahi hu.,ration
"Neha yahan, mera ration card list me naam add nahi hua hai.",ration
"Amit yahan, mera ration card list me naam add nahi hua hai.",ration
"Mera ration card address change karna hai, Anita bol raha/rahi hu.",ration
"Seema hu, mera ration card apply kiya tha par abhi tak mila nahi.",ration
"Seema hu, mera ration card apply kiya tha par abhi tak mila nahi.",ration
"Ritu yahan, mera ration card list me naam add nahi hua hai.",ration
Ration card ka status kaise check karu? Sunita puch raha/rahi hu.,ration
"Mera ration card update karna hai, Nisha bol raha/rahi hu.",ration
"Pooja yahan, mera ration card list me naam add nahi hua hai.",ration
"Mera ration card update karna hai, Karan bol raha/rahi hu.",ration
"Pooja hu, ration card download kaise karte hain?",ration
"Mera old ration card kho gaya hai, duplicate kaise milega? Seema.",ration
"Manoj hu, ration card download kaise karte hain?",ration
"Pooja hu, mera ration card apply kiya tha par abhi tak mila nahi.",ration
"Nisha bol raha/rahi hu, ration card se naam remove karna hai.",ration
"Meena bol raha/rahi hu, ration card se naam remove karna hai.",ration
"Priya yahan, mera ration card list me naam add nahi hua hai.",ration
"Mera ration card update karna hai, Amit bol raha/rahi hu.",ration
"Mere family members ration card me add karne hai, Neha speaking.",ration
Ration card ka status kaise check karu? Priya puch raha/rahi hu.,ration
"Ration shop se pura ration nahi mil raha, complaint karni hai, Meena.",ration
Ration card ka status kaise check karu? Rahul puch raha/rahi hu.,ration
"Mere family members ration card me add karne hai, Seema speaking.",ration
"Ration shop se pura ration nahi mil raha, complaint karni hai, Manoj.",ration
Ration card ka status kaise check karu? Amit puch raha/rahi hu.,ration
"Mera old ration card kho gaya hai, duplicate kaise milega? Nisha.",ration
"Mera old ration card kho gaya hai, duplicate kaise milega? Vikas.",ration
"Suresh hu, mera ration card apply kiya tha par abhi tak mila nahi.",ration
"Mere family members ration card me add karne hai, Priya speaking.",ration
"Ritu hu, mera ration card apply kiya tha par abhi tak mila nahi.",ration
"Ration shop se pura ration nahi mil raha, complaint karni hai, Nisha.",ration
"Mera old ration card kho gaya hai, duplicate kaise milega? Rajesh.",ration
"Ration shop se pura ration nahi mil raha, complaint karni hai, Arjun.",ration
"Mera ration card address change karna hai, Pooja bol raha/rahi hu.",ration
"Mera ration card address change karna hai, Neha bol raha/rahi hu.",ration
"Ration shop se pura ration nahi mil raha, complaint karni hai, Pooja.",ration
"Priya yahan, mera ration card list me naam add nahi hua hai.",ration
"Mera ration card update karna hai, Anita bol raha/rahi hu.",ration
"Priya hu, mera ration card apply kiya tha par abhi tak mila nahi.",ration
"Mera old ration card kho gaya hai, duplicate kaise milega? Rajesh.",ration
"Karan bol raha/rahi hu, ration card se naam remove karna hai.",ration
Ration card ka status kaise check karu? Pooja puch raha/rahi hu.,ration
"Mera old ration card kho gaya hai, duplicate kaise milega? Ritu.",ration
Ration card ka status kaise check karu? Ravi puch raha/rahi hu.,ration
"Mera ration card address change karna hai, Seema bol raha/rahi hu.",ration
"Mera old ration card kho gaya hai, duplicate kaise milega? Nisha.",ration
"Ritu hu, ration card download kaise karte hain?",ration
"Ration shop se pura ration nahi mil raha, complaint karni hai, Suresh.",ration
"Kavita yahan, mera ration card list me naam add nahi hua hai.",ration
"Ration shop se pura ration nahi mil raha, complaint karni hai, Manoj.",ration
Ration card ka status kaise check karu? Deepak puch raha/rahi hu.,ration
"Priya bol raha/rahi hu, ration card se naam remove karna hai.",ration
"Mera old ration card kho gaya hai, duplicate kaise milega? Anita.",ration
Ration card ka status kaise check karu? Vikas puch raha/rahi hu.,ration
"Mere family members ration card me add karne hai, Rajesh speaking.",ration
"Mera ration card address change karna hai, Manoj bol raha/rahi hu.",ration
"Mere family members ration card me add karne hai, Seema speaking.",ration
"Kavita bol raha/rahi hu, ration card se naam remove karna hai.",ration
"Mera ration card update karna hai, Manoj bol raha/rahi hu.",ration
"Deepak bol raha/rahi hu, ration card se naam remove karna hai.",ration
"Karan yahan, mera ration card list me naam add nahi hua hai.",ration
Ration card ka status kaise check karu? Suresh puch raha/rahi hu.,ration
"Mera ration card address change karna hai, Meena bol raha/rahi hu.",ration
"Mera ration card update karna hai, Vikas bol raha/rahi hu.",ration
"Mera ration card address change karna hai, Vikas bol raha/rahi hu.",ration
"Mere family members ration card me add karne hai, Seema speaking.",ration
"Seema hu, ration card download kaise karte hain?",ration
"Ration shop se pura ration nahi mil raha, complaint karni hai, Ritu.",ration
"Mera old ration card kho gaya hai, duplicate kaise milega? Rajesh.",ration
"Ration shop se pura ration nahi mil raha, complaint karni hai, Neha.",ration
"Mera ration card update karna hai, Ritu bol raha/rahi hu.",ration
"Mera ration card update karna hai, Karan bol raha/rahi hu.",ration
Ration card ka status kaise check karu? Suresh puch raha/rahi hu.,ration
"Mere family members ration card me add karne hai, Suresh speaking.",ration
"Manoj bol raha/rahi hu, ration card se naam remove karna hai.",ration
"Mera old ration card kho gaya hai, duplicate kaise milega? Ritu.",ration
"Mera old ration card kho gaya hai, duplicate kaise milega? Arjun.",ration
"Arjun hu, ration card download kaise karte hain?",ration
"Ritu yahan, mera ration card list me naam add nahi hua hai.",ration
"Mera ration card address change karna hai, Anita bol raha/rahi hu.",ration
"Ration shop se pura ration nahi mil raha, complaint karni hai, Neha.",ration
"Mere family members ration card me add karne hai, Suresh speaking.",ration
"Mere family members ration card me add karne hai, Meena speaking.",ration
"Mera ration card address change karna hai, Kavita bol raha/rahi hu.",ration
"Mera ration card address change karna hai, Anita bol raha/rahi hu.",ration
"Mera ration card update karna hai, Deepak bol raha/rahi hu.",ration
"Ration shop se pura ration nahi mil raha, complaint karni hai, Sunita.",ration
Ration card ka status kaise check karu? Anita puch raha/rahi hu.,ration
"Pooja hu, mera ration card apply kiya tha par abhi tak mila nahi.",ration
"Mera ration card update karna hai, Kavita bol raha/rahi hu.",ration
"Anita hu, mera ration card apply kiya tha par abhi tak mila nahi.",ration
"Anita yahan, mera ration card list me naam add nahi hua hai.",ration
"Mera old ration card kho gaya hai, duplicate kaise milega? Nisha.",ration
"Mera old ration card kho gaya hai, duplicate kaise milega? Ravi.",ration
"Ration shop se pura ration nahi mil raha, complaint karni hai, Kavita.",ration
"Manoj hu, ration card download kaise karte hain?",ration
"Manoj hu, mera ration card apply kiya tha par abhi tak mila nahi.",ration
"Mera ration card update karna hai, Karan bol raha/rahi hu.",ration
"Mera ration card update karna hai, Neha bol raha/rahi hu.",ration
"Mera ration card update karna hai, Manoj bol raha/rahi hu.",ration
"Mera ration card address change karna hai, Karan bol raha/rahi hu.",ration
"Ration shop se pura ration nahi mil raha, complaint karni hai, Manoj.",ration
"Mera ration card address change karna hai, Karan bol raha/rahi hu.",ration
"Sunita yahan, mera ration card list me naam add nahi hua hai.",ration
Ration card ka status kaise check karu? Priya puch raha/rahi hu.,ration
"Ration shop se pura ration nahi mil raha, complaint karni hai, Deepak.",ration
"Manoj bol raha/rahi hu, ration card se naam remove karna hai.",ration
"Mera ration card address change karna hai, Deepak bol raha/rahi hu.",ration
"Mera ration card update karna hai, Arjun bol raha/rahi hu.",ration
"Ravi hu, ration card download kaise karte hain?",ration
"Mere family members ration card me add karne hai, Suresh speaking.",ration
"Mere family members ration card me add karne hai, Rajesh speaking.",ration
Ration card ka status kaise check karu? Sunita puch raha/rahi hu.,ration
"Mere family members ration card me add karne hai, Deepak speaking.",ration
"Mere family members ration card me add karne hai, Manoj speaking.",ration
"Mera old ration card kho gaya hai, duplicate kaise milega? Rahul.",ration
"Pooja bol raha/rahi hu, ration card se naam remove karna hai.",ration
"Suresh bol raha/rahi hu, ration card se naam remove karna hai.",ration
"Seema hu, mera ration card apply kiya tha par abhi tak mila nahi.",ration
"Vikas hu, ration card download kaise karte hain?",ration
"Mere family members ration card me add karne hai, Nisha speaking.",ration
"Mera ration card address change karna hai, Ravi bol raha/rahi hu.",ration
"Mere family members ration card me add karne hai, Vikas speaking.",ration
"Ration shop se pura ration nahi mil raha, complaint karni hai, Suresh.",ration
"Amit bol raha/rahi hu, ration card se naam remove karna hai.",ration
"Mera old ration card kho gaya hai, duplicate kaise milega? Kavita.",ration
"Rajesh yahan, mera ration card list me naam add nahi hua hai.",ration
"Mera ration card update karna hai, Neha bol raha/rahi hu.",ration
"Mere family members ration card me add karne hai, Priya speaking.",ration
"Mera ration card address change karna hai, Neha bol raha/rahi hu.",ration
"Mere family members ration card me add karne hai, Suresh speaking.",ration
"Ration shop se pura ration nahi mil raha, complaint karni hai, Deepak.",ration
"Mera ration card update karna hai, Sunita bol raha/rahi hu.",ration
"Manoj hu, mera ration card apply kiya tha par abhi tak mila nahi.",ration
"Mera ration card address change karna hai, Nisha bol raha/rahi hu.",ration
"Mera old ration card kho gaya hai, duplicate kaise milega? Pooja.",ration
"Arjun hu, mera ration card apply kiya tha par abhi tak mila nahi.",ration
"Pooja bol raha/rahi hu, ration card se naam remove karna hai.",ration
"Vikas hu, mera ration card apply kiya tha par abhi tak mila nahi.",ration
"Arjun hu, mera ration card apply kiya tha par abhi tak mila nahi.",ration
"Rajesh bol raha/rahi hu, ration card se naam remove karna hai.",ration
"Suresh bol raha/rahi hu, ration card se naam remove karna hai.",ration
"Pooja hu, mera ration card apply kiya tha par abhi tak mila nahi.",ration
"Nisha hu, mera ration card apply kiya tha par abhi tak mila nahi.",ration
"Mere family members ration card me add karne hai, Priya speaking.",ration
"Neha hu, mera ration card apply kiya tha par abhi tak mila nahi.",ration
"Priya hu, ration card download kaise karte hain?",ration
"Mere family members ration card me add karne hai, Rajesh speaking.",ration
"Mera ration card update karna hai, Neha bol raha/rahi hu.",ration
"Kavita yahan, mera ration card list me naam add nahi hua hai.",ration
"Arjun bol raha/rahi hu, ration card se naam remove karna hai.",ration
"Ration shop se pura ration nahi mil raha, complaint karni hai, Seema.",ration
"Ration shop se pura ration nahi mil raha, complaint karni hai, Suresh.",ration
"Karan yahan, mera ration card list me naam add nahi hua hai.",ration
Ration card ka status kaise check karu? Amit puch raha/rahi hu.,ration
"Vikas yahan, mera ration card list me naam add nahi hua hai.",ration
Ration card ka status kaise check karu? Rahul puch raha/rahi hu.,ration
"Mera ration card update karna hai, Suresh bol raha/rahi hu.",ration
"Mera ration card address change karna hai, Ritu bol raha/rahi hu.",ration
"Mera ration card update karna hai, Arjun bol raha/rahi hu.",ration
"Arjun hu, mera ration card apply kiya tha par abhi tak mila nahi.",ration
"Mera ration card update karna hai, Seema bol raha/rahi hu.",ration
"Ration shop se pura ration nahi mil raha, complaint karni hai, Rahul.",ration
"Rajesh hu, ration card download kaise karte hain?",ration
"Seema hu, mera ration card apply kiya tha par abhi tak mila nahi.",ration
"Ration shop se pura ration nahi mil raha, complaint karni hai, Sunita.",ration
"Arjun hu, mera ration card apply kiya tha par abhi tak mila nahi.",ration
Ration card ka status kaise check karu? Amit puch raha/rahi hu.,ration
Ration card ka status kaise check karu? Rajesh puch raha/rahi hu.,ration
Ration card ka status kaise check karu? Vikas puch raha/rahi hu.,ration
"Rahul yahan, mera ration card list me naam add nahi hua hai.",ration
"Mera old ration card kho gaya hai, duplicate kaise milega? Pooja.",ration
Ration card ka status kaise check karu? Sunita puch raha/rahi hu.,ration
"Mera old ration card kho gaya hai, duplicate kaise milega? Priya.",ration
"Deepak hu, mera ration card apply kiya tha par abhi tak mila nahi.",ration
"Vikas hu, mera ration card apply kiya tha par abhi tak mila nahi.",ration
"Mera ration card address change karna hai, Nisha bol raha/rahi hu.",ration
"Ration shop se pura ration nahi mil raha, complaint karni hai, Priya.",ration
"Mere family members ration card me add karne hai, Rahul speaking.",ration
"Mera ration card address change karna hai, Manoj bol raha/rahi hu.",ration
Ration card ka status kaise check karu? Arjun puch raha/rahi hu.,ration
"Ration shop se pura ration nahi mil raha, complaint karni hai, Seema.",ration
"Ration shop se pura ration nahi mil raha, complaint karni hai, Ritu.",ration
"Deepak bol raha/rahi hu, ration card se naam remove karna hai.",ration
"Deepak hu, ration card download kaise karte hain?",ration
"Ration shop se pura ration nahi mil raha, complaint karni hai, Ritu.",ration
Ration card ka status kaise check karu? Priya puch raha/rahi hu.,ration
"Karan hu, mera ration card apply kiya tha par abhi tak mila nahi.",ration
"Mera old ration card kho gaya hai, duplicate kaise milega? Manoj.",ration
Ration card ka status kaise check karu? Priya puch raha/rahi hu.,ration
"Seema bol raha/rahi hu, ration card se naam remove karna hai.",ration
"Mera old ration card kho gaya hai, duplicate kaise milega? Ravi.",ration
"Mera ration card address change karna hai, Deepak bol raha/rahi hu.",ration
"Vikas yahan, mera ration card list me naam add nahi hua hai.",ration
"Mera ration card address change karna hai, Seema bol raha/rahi hu.",ration
"Nisha hu, ration card download kaise karte hain?",ration
"Anita bol raha/rahi hu, ration card se naam remove karna hai.",ration
"Anita yahan, mera ration card list me naam add nahi hua hai.",ration
"Mera ration card address change karna hai, Priya bol raha/rahi hu.",ration
"Mera old ration card kho gaya hai, duplicate kaise milega? Karan.",ration
"Mera ration card update karna hai, Arjun bol raha/rahi hu.",ration
"Pooja bol raha/rahi hu, ration card se naam remove karna hai.",ration
"Mera ration card address change karna hai, Deepak bol raha/rahi hu.",ration
"Priya hu, ration card download kaise karte hain?",ration
"Ravi hu, ration card download kaise karte hain?",ration
"Mera old ration card kho gaya hai, duplicate kaise milega? Vikas.",ration
"Mera ration card address change karna hai, Amit bol raha/rahi hu.",ration
Ration card ka status kaise check karu? Pooja puch raha/rahi hu.,ration
"Mera ration card update karna hai, Sunita bol raha/rahi hu.",ration
"Mere family members ration card me add karne hai, Kavita speaking.",ration
"Sunita yahan, mera ration card list me naam add nahi hua hai.",ration
Ration card ka status kaise check karu? Pooja puch raha/rahi hu.,ration
"Neha hu, mera ration card apply kiya tha par abhi tak mila nahi.",ration
"Deepak yahan, mera ration card list me naam add nahi hua hai.",ration
"Kavita hu, mera ration card apply kiya tha par abhi tak mila nahi.",ration
"Meena yahan, mera ration card list me naam add nahi hua hai.",ration
"Mera ration card address change karna hai, Karan bol raha/rahi hu.",ration
"Priya hu, ration card download kaise karte hain?",ration
Ration card ka status kaise check karu? Seema puch raha/rahi hu.,ration
"Suresh hu, mera ration card apply kiya tha par abhi tak mila nahi.",ration
"Ration shop se pura ration nahi mil raha, complaint karni hai, Sunita.",ration
"Mera old ration card kho gaya hai, duplicate kaise milega? Suresh.",ration
"Mera old ration card kho gaya hai, duplicate kaise milega? Anita.",ration
"Ritu hu, ration card download kaise karte hain?",ration
"Seema hu, ration card download kaise karte hain?",ration
"Nisha hu, ration card download kaise karte hain?",ration
"Meena yahan, mera ration card list me naam add nahi hua hai.",ration
"Mere family members ration card me add karne hai, Suresh speaking.",ration
"Ration shop se pura ration nahi mil raha, complaint karni hai, Meena.",ration
"Karan hu, ration card download kaise karte hain?",ration
"Ration shop se pura ration nahi mil raha, complaint karni hai, Rajesh.",ration
"Mera ration card address change karna hai, Karan bol raha/rahi hu.",ration
"Anita hu, ration card download kaise karte hain?",ration
"Anita bol raha/rahi hu, ration card se naam remove karna hai.",ration
"Mere family members ration card me add karne hai, Rahul speaking.",ration
Ration card ka status kaise check karu? Ravi puch raha/rahi hu.,ration
"Mera old ration card kho gaya hai, duplicate kaise milega? Kavita.",ration
"Vikas bol raha/rahi hu, ration card se naam remove karna hai.",ration
"Deepak hu, ration card download kaise karte hain?",ration
"Mera ration card update karna hai, Suresh bol raha/rahi hu.",ration
"Arjun hu, mera ration card apply kiya tha par abhi tak mila nahi.",ration
"Deepak bol raha/rahi hu, ration card se naam remove karna hai.",ration
"Rahul yahan, mera ration card list me naam add nahi hua hai.",ration
"Neha hu, ration card download kaise karte hain?",ration
"Ration shop se pura ration nahi mil raha, complaint karni hai, Ritu.",ration
"Rahul bol raha/rahi hu, ration card se naam remove karna hai.",ration
"Arjun yahan, mera ration card list me naam add nahi hua hai.",ration
"Ration shop se pura ration nahi mil raha, complaint karni hai, Kavita.",ration
"Arjun yahan, mera ration card list me naam add nahi hua hai.",ration
"Mera ration card update karna hai, Pooja bol raha/rahi hu.",ration
"Mera old ration card kho gaya hai, duplicate kaise milega? Karan.",ration
"Mera old ration card kho gaya hai, duplicate kaise milega? Ravi.",ration
"Vikas hu, ration card download kaise karte hain?",ration
"Suresh hu, ration card download kaise karte hain?",ration
"Mera ration card address change karna hai, Manoj bol raha/rahi hu.",ration
"Rajesh hu, mera ration card apply kiya tha par abhi tak mila nahi.",ration
"Nisha yahan, mera ration card list me naam add nahi hua hai.",ration
"Ration shop se pura ration nahi mil raha, complaint karni hai, Manoj.",ration
"Priya yahan, mera ration card list me naam add nahi hua hai.",ration
"Deepak bol raha/rahi hu, ration card se naam remove karna hai.",ration
"Manoj yahan, mera ration card list me naam add nahi hua hai.",ration
Ration card ka status kaise check karu? Karan puch raha/rahi hu.,ration
"Mera ration card address change karna hai, Nisha bol raha/rahi hu.",ration
"Ration shop se pura ration nahi mil raha, complaint karni hai, Priya.",ration
"Kavita hu, ration card download kaise karte hain?",ration
"Mere family members ration card me add karne hai, Neha speaking.",ration
Ration card ka status kaise check karu? Rajesh puch raha/rahi hu.,ration
"Mera old ration card kho gaya hai, duplicate kaise milega? Arjun.",ration
"Vikas yahan, mera ration card list me naam add nahi hua hai.",ration
"Mera old ration card kho gaya hai, duplicate kaise milega? Rahul.",ration
"Mera ration card update karna hai, Meena bol raha/rahi hu.",ration
"Rajesh bol raha/rahi hu, ration card se naam remove karna hai.",ration
"Rahul bol raha/rahi hu, ration card se naam remove karna hai.",ration
"Amit hu, mera ration card apply kiya tha par abhi tak mila nahi.",ration
"Ration shop se pura ration nahi mil raha, complaint karni hai, Ritu.",ration
"Mera old ration card kho gaya hai, duplicate kaise milega? Rahul.",ration
"Mera ration card address change karna hai, Nisha bol raha/rahi hu.",ration
"Mera old ration card kho gaya hai, duplicate kaise milega? Deepak.",ration
"Manoj yahan, mera ration card list me naam add nahi hua hai.",ration
"Manoj hu, mera ration card apply kiya tha par abhi tak mila nahi.",ration
"Ration shop se pura ration nahi mil raha, complaint karni hai, Neha.",ration
"Karan hu, mera ration card apply kiya tha par abhi tak mila nahi.",ration
"Ration shop se pura ration nahi mil raha, complaint karni hai, Arjun.",ration
"Mera ration card update karna hai, Neha bol raha/rahi hu.",ration
"Meena hu, mera ration card apply kiya tha par abhi tak mila nahi.",ration
"Manoj yahan, mera ration card list me naam add nahi hua hai.",ration
"Suresh hu, ration card download kaise karte hain?",ration
"Mera ration card update karna hai, Ritu bol raha/rahi hu.",ration
"Mere family members ration card me add karne hai, Pooja speaking.",ration
"Mera ration card address change karna hai, Amit bol raha/rahi hu.",ration
"Meena bol raha/rahi hu, ration card se naam remove karna hai.",ration
"Vikas bol raha/rahi hu, ration card se naam remove karna hai.",ration
"Neha hu, mera ration card apply kiya tha par abhi tak mila nahi.",ration
"Mera ration card update karna hai, Suresh bol raha/rahi hu.",ration
"Mera ration card update karna hai, Rahul bol raha/rahi hu.",ration
"Mere family members ration card me add karne hai, Ritu speaking.",ration
"Ration shop se pura ration nahi mil raha, complaint karni hai, Suresh.",ration
"Mere family members ration card me add karne hai, Seema speaking.",ration
"Mera ration card address change karna hai, Ravi bol raha/rahi hu.",ration
"Priya hu, ration card download kaise karte hain?",ration
"Ration shop se pura ration nahi mil raha, complaint karni hai, Rajesh.",ration
Ration card ka status kaise check karu? Rajesh puch raha/rahi hu.,ration
"Ration shop se pura ration nahi mil raha, complaint karni hai, Rahul.",ration
"Karan yahan, mera ration card list me naam add nahi hua hai.",ration
"Sunita hu, ration card download kaise karte hain?",ration
"Mera ration card address change karna hai, Sunita bol raha/rahi hu.",ration
"Vikas hu, ration card download kaise karte hain?",ration
"Mere family members ration card me add karne hai, Neha speaking.",ration
"Mere family members ration card me add karne hai, Sunita speaking.",ration
"Rajesh hu, mera ration card apply kiya tha par abhi tak mila nahi.",ration
"Deepak hu, mera ration card apply kiya tha par abhi tak mila nahi.",ration
"Mera old ration card kho gaya hai, duplicate kaise milega? Kavita.",ration
"Ration shop se pura ration nahi mil raha, complaint karni hai, Anita.",ration
"Rajesh bol raha/rahi hu, ration card se naam remove karna hai.",ration
"Karan yahan, mera ration card list me naam add nahi hua hai.",ration
"Mere family members ration card me add karne hai, Karan speaking.",ration
"Ration shop se pura ration nahi mil raha, complaint karni hai, Pooja.",ration
"Vikas bol raha/rahi hu, ration card se naam remove karna hai.",ration
Ration card ka status kaise check karu? Sunita puch raha/rahi hu.,ration
"Ravi yahan, mera ration card list me naam add nahi hua hai.",ration
"Suresh bol raha/rahi hu, ration card se naam remove karna hai.",ration
Ration card ka status kaise check karu? Pooja puch raha/rahi hu.,ration
"Mera old ration card kho gaya hai, duplicate kaise milega? Meena.",ration
"Mera ration card update karna hai, Deepak bol raha/rahi hu.",ration
"Mere family members ration card me add karne hai, Nisha speaking.",ration
"Mera ration card address change karna hai, Ritu bol raha/rahi hu.",ration
"Priya yahan, mera ration card list me naam add nahi hua hai.",ration
"Mera ration card address change karna hai, Suresh bol raha/rahi hu.",ration
"Neha yahan, mera ration card list me naam add nahi hua hai.",ration
"Priya bol raha/rahi hu, ration card se naam remove karna hai.",ration
"Suresh bol raha/rahi hu, mera health card lost ho gaya hai.",health
Ayushman Bharat card download kaise karu? Vikas puch raha/rahi hu.,health
"Manoj speaking, mera health insurance scheme ka approval pending hai.",health
"Rajesh bol raha/rahi hu, mera health card lost ho gaya hai.",health
"Rahul bol raha/rahi hu, mera health card lost ho gaya hai.",health
"Mera health scheme card apply kiya hai, update chahiye, Rajesh.",health
"Karan hu, health scheme me family member add karna hai.",health
"Kavita hu, hospital me Ayushman card accept nahi kar rahe.",health
"Mera health scheme card apply kiya hai, update chahiye, Deepak.",health
"Seema bol raha/rahi hu, Ayushman card ka status check karna hai.",health
"Meena bol raha/rahi hu, mera health card lost ho gaya hai.",health
Ayushman claim ka status kaise check kare? Pooja.,health
"Mera health scheme card apply kiya hai, update chahiye, Manoj.",health
"Mera health scheme card apply kiya hai, update chahiye, Rajesh.",health
Free health checkup scheme ke liye kaise register kare? Deepak.,health
"Karan speaking, mera health insurance scheme ka approval pending hai.",health
"Amit hu, hospital me Ayushman card accept nahi kar rahe.",health
"Amit bol raha/rahi hu, Ayushman card ka status check karna hai.",health
"Mera health scheme card apply kiya hai, update chahiye, Deepak.",health
Ayushman Bharat card download kaise karu? Sunita puch raha/rahi hu.,health
"Ritu speaking, mera health insurance scheme ka approval pending hai.",health
"Mera health scheme card apply kiya hai, update chahiye, Rajesh.",health
Ayushman claim ka status kaise check kare? Ritu.,health
Ayushman Bharat card download kaise karu? Neha puch raha/rahi hu.,health
"Mera health scheme card apply kiya hai, update chahiye, Manoj.",health
"Pooja hu, health scheme me family member add karna hai.",health
Government hospital me treatment free milega kya? Manoj.,health
"Vikas hu, health scheme me family member add karna hai.",health
"Meena bol raha/rahi hu, Ayushman card ka status check karna hai.",health
Ayushman claim ka status kaise check kare? Rahul.,health
"Ravi bol raha/rahi hu, mera health card lost ho gaya hai.",health
"Ritu bol raha/rahi hu, mera health card lost ho gaya hai.",health
Free health checkup scheme ke liye kaise register kare? Rahul.,health
"Sunita bol raha/rahi hu, Ayushman card ka status check karna hai.",health
Free health checkup scheme ke liye kaise register kare? Rajesh.,health
"Manoj bol raha/rahi hu, Ayushman card ka status check karna hai.",health
"Rahul bol raha/rahi hu, mera health card lost ho gaya hai.",health
"Nisha hu, health scheme me family member add karna hai.",health
"Rajesh hu, health scheme me family member add karna hai.",health
"Anita bol raha/rahi hu, mera health card lost ho gaya hai.",health
Government hospital me treatment free milega kya? Priya.,health
Ayushman Bharat card download kaise karu? Amit puch raha/rahi hu.,health
"Neha bol raha/rahi hu, mera health card lost ho gaya hai.",health
"Arjun bol raha/rahi hu, mera health card lost ho gaya hai.",health
"Kavita hu, hospital me Ayushman card accept nahi kar rahe.",health
"Anita bol raha/rahi hu, Ayushman card ka status check karna hai.",health
Free health checkup scheme ke liye kaise register kare? Priya.,health
Ayushman Bharat card download kaise karu? Amit puch raha/rahi hu.,health
Free health checkup scheme ke liye kaise register kare? Rahul.,health
"Deepak bol raha/rahi hu, Ayushman card ka status check karna hai.",health
Government hospital me treatment free milega kya? Seema.,health
"Mera health scheme card apply kiya hai, update chahiye, Rahul.",health
Ayushman Bharat card download kaise karu? Arjun puch raha/rahi hu.,health
"Manoj hu, hospital me Ayushman card accept nahi kar rahe.",health
Government hospital me treatment free milega kya? Deepak.,health
"Mera health scheme card apply kiya hai, update chahiye, Amit.",health
"Rahul hu, hospital me Ayushman card accept nahi kar rahe.",health
Ayushman Bharat card download kaise karu? Rahul puch raha/rahi hu.,health
"Anita hu, health scheme me family member add karna hai.",health
Ayushman claim ka status kaise check kare? Meena.,health
"Seema bol raha/rahi hu, mera health card lost ho gaya hai.",health
"Seema speaking, mera health insurance scheme ka approval pending hai.",health
"Deepak bol raha/rahi hu, Ayushman card ka status check karna hai.",health
"Deepak bol raha/rahi hu, mera health card lost ho gaya hai.",health
Ayushman claim ka status kaise check kare? Anita.,health
Ayushman Bharat card download kaise karu? Amit puch raha/rahi hu.,health
"Suresh speaking, mera health insurance scheme ka approval pending hai.",health
"Manoj hu, hospital me Ayushman card accept nahi kar rahe.",health
Ayushman claim ka status kaise check kare? Arjun.,health
"Meena speaking, mera health insurance scheme ka approval pending hai.",health
"Suresh speaking, mera health insurance scheme ka approval pending hai.",health
Free health checkup scheme ke liye kaise register kare? Sunita.,health
Ayushman Bharat card download kaise karu? Seema puch raha/rahi hu.,health
"Mera health scheme card apply kiya hai, update chahiye, Nisha.",health
Government hospital me treatment free milega kya? Kavita.,health
Ayushman Bharat card download kaise karu? Suresh puch raha/rahi hu.,health
Government hospital me treatment free milega kya? Manoj.,health
"Ritu speaking, mera health insurance scheme ka approval pending hai.",health
Government hospital me treatment free milega kya? Ravi.,health
Ayushman Bharat card download kaise karu? Meena puch raha/rahi hu.,health
Ayushman Bharat card download kaise karu? Ravi puch raha/rahi hu.,health
"Arjun speaking, mera health insurance scheme ka approval pending hai.",health
"Nisha hu, health scheme me family member add karna hai.",health
Free health checkup scheme ke liye kaise register kare? Sunita.,health
Ayushman Bharat card download kaise karu? Ritu puch raha/rahi hu.,health
Free health checkup scheme ke liye kaise register kare? Arjun.,health
"Anita bol raha/rahi hu, mera health card lost ho gaya hai.",health
"Priya bol raha/rahi hu, Ayushman card ka status check karna hai.",health
"Mera health scheme card apply kiya hai, update chahiye, Priya.",health
Ayushman Bharat card download kaise karu? Deepak puch raha/rahi hu.,health
"Mera health scheme card apply kiya hai, update chahiye, Suresh.",health
Ayushman Bharat card download kaise karu? Sunita puch raha/rahi hu.,health
"Mera health scheme card apply kiya hai, update chahiye, Anita.",health
Ayushman Bharat card download kaise karu? Manoj puch raha/rahi hu.,health
"Mera health scheme card apply kiya hai, update chahiye, Nisha.",health
"Deepak bol raha/rahi hu, mera health card lost ho gaya hai.",health
"Mera health scheme card apply kiya hai, update chahiye, Pooja.",health
Ayushman claim ka status kaise check kare? Ravi.,health
"Anita speaking, mera health insurance scheme ka approval pending hai.",health
Free health checkup scheme ke liye kaise register kare? Manoj.,health
Ayushman claim ka status kaise check kare? Anita.,health
"Amit hu, hospital me Ayushman card accept nahi kar rahe.",health
"Nisha speaking, mera health insurance scheme ka approval pending hai.",health
"Pooja speaking, mera health insurance scheme ka approval pending hai.",health
"Mera health scheme card apply kiya hai, update chahiye, Pooja.",health
Government hospital me treatment free milega kya? Neha.,health
Government hospital me treatment free milega kya? Priya.,health
Ayushman claim ka status kaise check kare? Amit.,health
"Karan bol raha/rahi hu, mera health card lost ho gaya hai.",health
"Karan hu, hospital me Ayushman card accept nahi kar rahe.",health
"Mera health scheme card apply kiya hai, update chahiye, Anita.",health
"Rahul bol raha/rahi hu, Ayushman card ka status check karna hai.",health
"Sunita hu, health scheme me family member add karna hai.",health
"Nisha speaking, mera health insurance scheme ka approval pending hai.",health
"Rajesh hu, hospital me Ayushman card accept nahi kar rahe.",health
"Kavita hu, health scheme me family member add karna hai.",health
"Kavita bol raha/rahi hu, Ayushman card ka status check karna hai.",health
"Priya hu, health scheme me family member add karna hai.",health
"Rahul bol raha/rahi hu, Ayushman card ka status check karna hai.",health
"Ritu bol raha/rahi hu, mera health card lost ho gaya hai.",health
"Neha speaking, mera health insurance scheme ka approval pending hai.",health
"Anita speaking, mera health insurance scheme ka approval pending hai.",health
"Vikas hu, hospital me Ayushman card accept nahi kar rahe.",health
"Mera health scheme card apply kiya hai, update chahiye, Meena.",health
Ayushman claim ka status kaise check kare? Manoj.,health
"Pooja bol raha/rahi hu, mera health card lost ho gaya hai.",health
"Nisha speaking, mera health insurance scheme ka approval pending hai.",health
"Mera health scheme card apply kiya hai, update chahiye, Kavita.",health
"Ritu hu, health scheme me family member add karna hai.",health
Ayushman Bharat card download kaise karu? Ravi puch raha/rahi hu.,health
"Manoj hu, hospital me Ayushman card accept nahi kar rahe.",health
Ayushman Bharat card download kaise karu? Ravi puch raha/rahi hu.,health
Ayushman Bharat card download kaise karu? Kavita puch raha/rahi hu.,health
"Mera health scheme card apply kiya hai, update chahiye, Ritu.",health
"Anita hu, hospital me Ayushman card accept nahi kar rahe.",health
"Rajesh hu, hospital me Ayushman card accept nahi kar rahe.",health
"Ravi hu, hospital me Ayushman card accept nahi kar rahe.",health
"Sunita hu, health scheme me family member add karna hai.",health
"Sunita hu, health scheme me family member add karna hai.",health
"Nisha bol raha/rahi hu, mera health card lost ho gaya hai.",health
Free health checkup scheme ke liye kaise register kare? Deepak.,health
"Nisha hu, health scheme me family member add karna hai.",health
"Rajesh hu, hospital me Ayushman card accept nahi kar rahe.",health
Ayushman claim ka status kaise check kare? Karan.,health
Ayushman claim ka status kaise check kare? Deepak.,health
Free health checkup scheme ke liye kaise register kare? Pooja.,health
"Mera health scheme card apply kiya hai, update chahiye, Arjun.",health
"Seema bol raha/rahi hu, mera health card lost ho gaya hai.",health
"Deepak bol raha/rahi hu, Ayushman card ka status check karna hai.",health
Government hospital me treatment free milega kya? Pooja.,health
"Priya bol raha/rahi hu, Ayushman card ka status check karna hai.",health
Ayushman claim ka status kaise check kare? Amit.,health
"Arjun bol raha/rahi hu, mera health card lost ho gaya hai.",health
"Meena hu, hospital me Ayushman card accept nahi kar rahe.",health
Ayushman claim ka status kaise check kare? Pooja.,health
"Kavita bol raha/rahi hu, Ayushman card ka status check karna hai.",health
"Mera health scheme card apply kiya hai, update chahiye, Pooja.",health
"Mera health scheme card apply kiya hai, update chahiye, Rajesh.",health
"Mera health scheme card apply kiya hai, update chahiye, Pooja.",health
"Seema hu, health scheme me family member add karna hai.",health
"Suresh hu, hospital me Ayushman card accept nahi kar rahe.",health
"Sunita bol raha/rahi hu, Ayushman card ka status check karna hai.",health
"Nisha bol raha/rahi hu, Ayushman card ka status check karna hai.",health
Ayushman claim ka status kaise check kare? Rajesh.,health
"Ravi hu, hospital me Ayushman card accept nahi kar rahe.",health
"Vikas hu, health scheme me family member add karna hai.",health
Government hospital me treatment free milega kya? Rahul.,health
Free health checkup scheme ke liye kaise register kare? Sunita.,health
"Amit hu, health scheme me family member add karna hai.",health
"Kavita hu, health scheme me family member add karna hai.",health
"Arjun bol raha/rahi hu, mera health card lost ho gaya hai.",health
"Mera health scheme card apply kiya hai, update chahiye, Amit.",health
"Arjun bol raha/rahi hu, Ayushman card ka status check karna hai.",health
"Meena bol raha/rahi hu, mera health card lost ho gaya hai.",health
"Ritu bol raha/rahi hu, mera health card lost ho gaya hai.",health
"Neha hu, hospital me Ayushman card accept nahi kar rahe.",health
"Anita hu, hospital me Ayushman card accept nahi kar rahe.",health
Free health checkup scheme ke liye kaise register kare? Pooja.,health
"Manoj bol raha/rahi hu, mera health card lost ho gaya hai.",health
Government hospital me treatment free milega kya? Anita.,health
"Pooja bol raha/rahi hu, mera health card lost ho gaya hai.",health
"Sunita speaking, mera health insurance scheme ka approval pending hai.",health
Ayushman Bharat card download kaise karu? Vikas puch raha/rahi hu.,health
"Mera health scheme card apply kiya hai, update chahiye, Ravi.",health
"Amit hu, hospital me Ayushman card accept nahi kar rahe.",health
"Rahul speaking, mera health insurance scheme ka approval pending hai.",health
Free health checkup scheme ke liye kaise register kare? Karan.,health
"Vikas hu, health scheme me family member add karna hai.",health
Ayushman Bharat card download kaise karu? Rajesh puch raha/rahi hu.,health
"Mera health scheme card apply kiya hai, update chahiye, Meena.",health
"Arjun bol raha/rahi hu, Ayushman card ka status check karna hai.",health
"Vikas bol raha/rahi hu, Ayushman card ka status check karna hai.",health
"Suresh hu, health scheme me family member add karna hai.",health
Free health checkup scheme ke liye kaise register kare? Pooja.,health
Ayushman claim ka status kaise check kare? Rajesh.,health
Free health checkup scheme ke liye kaise register kare? Suresh.,health
"Anita hu, hospital me Ayushman card accept nahi kar rahe.",health
"Anita speaking, mera health insurance scheme ka approval pending hai.",health
Ayushman claim ka status kaise check kare? Manoj.,health
"Seema hu, hospital me Ayushman card accept nahi kar rahe.",health
Ayushman Bharat card download kaise karu? Ritu puch raha/rahi hu.,health
"Amit hu, hospital me Ayushman card accept nahi kar rahe.",health
Free health checkup scheme ke liye kaise register kare? Seema.,health
"Rahul hu, hospital me Ayushman card accept nahi kar rahe.",health
Free health checkup scheme ke liye kaise register kare? Rajesh.,health
Ayushman claim ka status kaise check kare? Vikas.,health
"Meena bol raha/rahi hu, Ayushman card ka status check karna hai.",health
Ayushman Bharat card download kaise karu? Sunita puch raha/rahi hu.,health
"Arjun hu, hospital me Ayushman card accept nahi kar rahe.",health
Free health checkup scheme ke liye kaise register kare? Seema.,health
"Mera health scheme card apply kiya hai, update chahiye, Anita.",health
"Anita speaking, mera health insurance scheme ka approval pending hai.",health
"Ritu hu, health scheme me family member add karna hai.",health
"Meena bol raha/rahi hu, Ayushman card ka status check karna hai.",health
"Mera health scheme card apply kiya hai, update chahiye, Anita.",health
"Karan speaking, mera health insurance scheme ka approval pending hai.",health
"Mera health scheme card apply kiya hai, update chahiye, Amit.",health
"Kavita bol raha/rahi hu, Ayushman card ka status check karna hai.",health
"Ravi speaking, mera health insurance scheme ka approval pending hai.",health
Ayushman Bharat card download kaise karu? Deepak puch raha/rahi hu.,health
"Kavita hu, health scheme me family member add karna hai.",health
Government hospital me treatment free milega kya? Suresh.,health
"Deepak bol raha/rahi hu, Ayushman card ka status check karna hai.",health
"Mera health scheme card apply kiya hai, update chahiye, Priya.",health
"Nisha hu, health scheme me family member add karna hai.",health
"Pooja hu, health scheme me family member add karna hai.",health
"Meena hu, hospital me Ayushman card accept nahi kar rahe.",health
Ayushman claim ka status kaise check kare? Rahul.,health
"Sunita hu, hospital me Ayushman card accept nahi kar rahe.",health
"Suresh hu, health scheme me family member add karna hai.",health
Ayushman Bharat card download kaise karu? Seema puch raha/rahi hu.,health
"Priya bol raha/rahi hu, Ayushman card ka status check karna hai.",health
"Amit hu, hospital me Ayushman card accept nahi kar rahe.",health
"Ravi bol raha/rahi hu, mera health card lost ho gaya hai.",health
"Karan hu, health scheme me family member add karna hai.",health
"Deepak bol raha/rahi hu, Ayushman card ka status check karna hai.",health
"Kavita hu, hospital me Ayushman card accept nahi kar rahe.",health
"Kavita bol raha/rahi hu, Ayushman card ka status check karna hai.",health
"Deepak hu, health scheme me family member add karna hai.",health
Free health checkup scheme ke liye kaise register kare? Anita.,health
"Mera health scheme card apply kiya hai, update chahiye, Nisha.",health
Ayushman Bharat card download kaise karu? Nisha puch raha/rahi hu.,health
"Meena hu, health scheme me family member add karna hai.",health
"Mera health scheme card apply kiya hai, update chahiye, Nisha.",health
"Karan bol raha/rahi hu, Ayushman card ka status check karna hai.",health
"Pooja speaking, mera health insurance scheme ka approval pending hai.",health
Ayushman claim ka status kaise check kare? Pooja.,health
"Seema hu, hospital me Ayushman card accept nahi kar rahe.",health
"Seema hu, health scheme me family member add karna hai.",health
"Priya hu, health scheme me family member add karna hai.",health
"Ritu speaking, mera health insurance scheme ka approval pending hai.",health
"Seema hu, hospital me Ayushman card accept nahi kar rahe.",health
"Ravi hu, hospital me Ayushman card accept nahi kar rahe.",health
"Amit hu, hospital me Ayushman card accept nahi kar rahe.",health
"Vikas hu, hospital me Ayushman card accept nahi kar rahe.",health
"Pooja hu, hospital me Ayushman card accept nahi kar rahe.",health
"Manoj hu, hospital me Ayushman card accept nahi kar rahe.",health
Government hospital me treatment free milega kya? Sunita.,health
Ayushman Bharat card download kaise karu? Priya puch raha/rahi hu.,health
Government hospital me treatment free milega kya? Sunita.,health
Government hospital me treatment free milega kya? Vikas.,health
Free health checkup scheme ke liye kaise register kare? Amit.,health
"Neha hu, health scheme me family member add karna hai.",health
Ayushman Bharat card download kaise karu? Anita puch raha/rahi hu.,health
Government hospital me treatment free milega kya? Amit.,health
"Pooja speaking, mera health insurance scheme ka approval pending hai.",health
"Sunita bol raha/rahi hu, mera health card lost ho gaya hai.",health
Ayushman Bharat card download kaise karu? Ritu puch raha/rahi hu.,health
Government hospital me treatment free milega kya? Deepak.,health
Ayushman Bharat card download kaise karu? Amit puch raha/rahi hu.,health
"Mera health scheme card apply kiya hai, update chahiye, Anita.",health
"Mera health scheme card apply kiya hai, update chahiye, Rajesh.",health
"Kavita hu, health scheme me family member add karna hai.",health
Free health checkup scheme ke liye kaise register kare? Rajesh.,health
Ayushman claim ka status kaise check kare? Vikas.,health
"Arjun speaking, mera health insurance scheme ka approval pending hai.",health
Ayushman claim ka status kaise check kare? Seema.,health
Government hospital me treatment free milega kya? Seema.,health
"Ravi bol raha/rahi hu, mera health card lost ho gaya hai.",health
Ayushman claim ka status kaise check kare? Sunita.,health
"Pooja hu, hospital me Ayushman card accept nahi kar rahe.",health
Free health checkup scheme ke liye kaise register kare? Ritu.,health
Free health checkup scheme ke liye kaise register kare? Kavita.,health
"Mera health scheme card apply kiya hai, update chahiye, Manoj.",health
"Ritu speaking, mera health insurance scheme ka approval pending hai.",health
Ayushman Bharat card download kaise karu? Rahul puch raha/rahi hu.,health
"Mera health scheme card apply kiya hai, update chahiye, Ravi.",health
Ayushman claim ka status kaise check kare? Suresh.,health
Free health checkup scheme ke liye kaise register kare? Rahul.,health
"Mera health scheme card apply kiya hai, update chahiye, Rahul.",health
"Pooja hu, health scheme me family member add karna hai.",health
Free health checkup scheme ke liye kaise register kare? Nisha.,health
Ayushman Bharat card download kaise karu? Karan puch raha/rahi hu.,health
"Amit hu, hospital me Ayushman card accept nahi kar rahe.",health
"Ritu hu, hospital me Ayushman card accept nahi kar rahe.",health
Ayushman claim ka status kaise check kare? Pooja.,health
Government hospital me treatment free milega kya? Pooja.,health
"Manoj bol raha/rahi hu, mera health card lost ho gaya hai.",health
"Sunita hu, hospital me Ayushman card accept nahi kar rahe.",health
"Sunita bol raha/rahi hu, mera health card lost ho gaya hai.",health
Government hospital me treatment free milega kya? Neha.,health
"Priya bol raha/rahi hu, mera health card lost ho gaya hai.",health
"Pooja bol raha/rahi hu, mera health card lost ho gaya hai.",health
Ayushman Bharat card download kaise karu? Arjun puch raha/rahi hu.,health
Ayushman claim ka status kaise check kare? Anita.,health
"Seema hu, hospital me Ayushman card accept nahi kar rahe.",health
"Rajesh speaking, mera health insurance scheme ka approval pending hai.",health
Free health checkup scheme ke liye kaise register kare? Amit.,health
Ayushman claim ka status kaise check kare? Manoj.,health
"Rajesh hu, hospital me Ayushman card accept nahi kar rahe.",health
"Sunita speaking, mera health insurance scheme ka approval pending hai.",health
"Kavita hu, hospital me Ayushman card accept nahi kar rahe.",health
Ayushman claim ka status kaise check kare? Rajesh.,health
"Ritu bol raha/rahi hu, Ayushman card ka status check karna hai.",health
Ayushman claim ka status kaise check kare? Amit.,health
"Rajesh hu, health scheme me family member add karna hai.",health
"Amit hu, health scheme me family member add karna hai.",health
Ayushman Bharat card download kaise karu? Ravi puch raha/rahi hu.,health
"Priya bol raha/rahi hu, Ayushman card ka status check karna hai.",health
"Ravi hu, health scheme me family member add karna hai.",health
"Meena hu, health scheme me family member add karna hai.",health
Ayushman claim ka status kaise check kare? Karan.,health
"Ritu bol raha/rahi hu, mera health card lost ho gaya hai.",health
"Pooja speaking, mera health insurance scheme ka approval pending hai.",health
"Seema hu, health scheme me family member add karna hai.",health
"Manoj bol raha/rahi hu, Ayushman card ka status check karna hai.",health
"Meena hu, hospital me Ayushman card accept nahi kar rahe.",health
"Mera health scheme card apply kiya hai, update chahiye, Nisha.",health
"Manoj bol raha/rahi hu, mera health card lost ho gaya hai.",health
Free health checkup scheme ke liye kaise register kare? Rahul.,health
"Rajesh bol raha/rahi hu, mera health card lost ho gaya hai.",health
"Ritu bol raha/rahi hu, Ayushman card ka status check karna hai.",health
"Manoj hu, hospital me Ayushman card accept nahi kar rahe.",health
Government hospital me treatment free milega kya? Ravi.,health
"Kavita bol raha/rahi hu, Ayushman card ka status check karna hai.",health
"Amit hu, health scheme me family member add karna hai.",health
Ayushman claim ka status kaise check kare? Nisha.,health
"Kavita hu, health scheme me family member add karna hai.",health
"Ravi bol raha/rahi hu, Ayushman card ka status check karna hai.",health
"Neha speaking, mera health insurance scheme ka approval pending hai.",health
"Mera health scheme card apply kiya hai, update chahiye, Suresh.",health
"Nisha hu, health scheme me family member add karna hai.",health
Ayushman Bharat card download kaise karu? Suresh puch raha/rahi hu.,health
"Pooja bol raha/rahi hu, Ayushman card ka status check karna hai.",health
Ayushman claim ka status kaise check kare? Priya.,health
Ayushman claim ka status kaise check kare? Nisha.,health
Ayushman Bharat card download kaise karu? Manoj puch raha/rahi hu.,health
"Nisha hu, health scheme me family member add karna hai.",health
"Karan bol raha/rahi hu, Ayushman card ka status check karna hai.",health
"Deepak hu, health scheme me family member add karna hai.",health
"Pooja hu, hospital me Ayushman card accept nahi kar rahe.",health
"Priya hu, hospital me Ayushman card accept nahi kar rahe.",health
"Mera health scheme card apply kiya hai, update chahiye, Seema.",health
"Suresh hu, hospital me Ayushman card accept nahi kar rahe.",health
Ayushman Bharat card download kaise karu? Seema puch raha/rahi hu.,health
"Arjun hu, hospital me Ayushman card accept nahi kar rahe.",health
"Pooja speaking, mera health insurance scheme ka approval pending hai.",health
Ayushman Bharat card download kaise karu? Rahul puch raha/rahi hu.,health
"Pooja hu, hospital me Ayushman card accept nahi kar rahe.",health
Ayushman claim ka status kaise check kare? Manoj.,health
"Kavita hu, health scheme me family member add karna hai.",health
Ayushman Bharat card download kaise karu? Neha puch raha/rahi hu.,health
"Manoj hu, hospital me Ayushman card accept nahi kar rahe.",health
Ayushman Bharat card download kaise karu? Nisha puch raha/rahi hu.,health
"Seema bol raha/rahi hu, Ayushman card ka status check karna hai.",health
Government hospital me treatment free milega kya? Kavita.,health
"Sunita hu, health scheme me family member add karna hai.",health
"Arjun bol raha/rahi hu, mera health card lost ho gaya hai.",health
"Deepak bol raha/rahi hu, Ayushman card ka status check karna hai.",health
Ayushman claim ka status kaise check kare? Manoj.,health
"Amit bol raha/rahi hu, mera health card lost ho gaya hai.",health
"Nisha speaking, mera health insurance scheme ka approval pending hai.",health
Ayushman Bharat card download kaise karu? Arjun puch raha/rahi hu.,health
Free health checkup scheme ke liye kaise register kare? Amit.,health
Free health checkup scheme ke liye kaise register kare? Rajesh.,health
Free health checkup scheme ke liye kaise register kare? Ravi.,health
"Anita speaking, mera health insurance scheme ka approval pending hai.",health
"Amit bol raha/rahi hu, mera health card lost ho gaya hai.",health
"Kavita bol raha/rahi hu, mera health card lost ho gaya hai.",health
Free health checkup scheme ke liye kaise register kare? Sunita.,health
Free health checkup scheme ke liye kaise register kare? Amit.,health
Free health checkup scheme ke liye kaise register kare? Neha.,health
Ayushman Bharat card download kaise karu? Seema puch raha/rahi hu.,health
"Arjun bol raha/rahi hu, Ayushman card ka status check karna hai.",health
"Mera health scheme card apply kiya hai, update chahiye, Pooja.",health
Government hospital me treatment free milega kya? Kavita.,health
"Pooja bol raha/rahi hu, mera health card lost ho gaya hai.",health
"Priya hu, hospital me Ayushman card accept nahi kar rahe.",health
Government hospital me treatment free milega kya? Amit.,health
Government hospital me treatment free milega kya? Neha.,health
Ayushman Bharat card download kaise karu? Amit puch raha/rahi hu.,health
"Karan speaking, mera health insurance scheme ka approval pending hai.",health
"Seema speaking, mera health insurance scheme ka approval pending hai.",health
"Anita speaking, mera health insurance scheme ka approval pending hai.",health
"Mera health scheme card apply kiya hai, update chahiye, Seema.",health
"Suresh speaking, mera health insurance scheme ka approval pending hai.",health
"Arjun bol raha/rahi hu, mera health card lost ho gaya hai.",health
Government hospital me treatment free milega kya? Neha.,health
"Sunita hu, hospital me Ayushman card accept nahi kar rahe.",health
"Ravi speaking, mera health insurance scheme ka approval pending hai.",health
"Ritu hu, health scheme me family member add karna hai.",health
"Anita bol raha/rahi hu, Ayushman card ka status check karna hai.",health
"Mera health scheme card apply kiya hai, update chahiye, Rahul.",health
Ayushman Bharat card download kaise karu? Deepak puch raha/rahi hu.,health
"Manoj hu, hospital me Ayushman card accept nahi kar rahe.",health
Ayushman Bharat card download kaise karu? Nisha puch raha/rahi hu.,health
"Sunita speaking, mera health insurance scheme ka approval pending hai.",health
Ayushman Bharat card download kaise karu? Manoj puch raha/rahi hu.,health
"Arjun hu, health scheme me family member add karna hai.",health
"Meena speaking, mera health insurance scheme ka approval pending hai.",health
"Arjun speaking, mera health insurance scheme ka approval pending hai.",health
Ayushman claim ka status kaise check kare? Rajesh.,health
Ayushman Bharat card download kaise karu? Kavita puch raha/rahi hu.,health
Free health checkup scheme ke liye kaise register kare? Ravi.,health
Government hospital me treatment free milega kya? Pooja.,health
Ayushman Bharat card download kaise karu? Priya puch raha/rahi hu.,health
"Deepak bol raha/rahi hu, Ayushman card ka status check karna hai.",health
"Rahul bol raha/rahi hu, mera health card lost ho gaya hai.",health
"Rajesh hu, health scheme me family member add karna hai.",health
"Mera health scheme card apply kiya hai, update chahiye, Ravi.",health
Free health checkup scheme ke liye kaise register kare? Arjun.,health
Ayushman Bharat card download kaise karu? Anita puch raha/rahi hu.,health
"Priya bol raha/rahi hu, mera health card lost ho gaya hai.",health
Ayushman Bharat card download kaise karu? Meena puch raha/rahi hu.,health
Free health checkup scheme ke liye kaise register kare? Seema.,health
"Arjun hu, hospital me Ayushman card accept nahi kar rahe.",health
"Nisha bol raha/rahi hu, mera health card lost ho gaya hai.",health
"Sunita bol raha/rahi hu, Ayushman card ka status check karna hai.",health
Government hospital me treatment free milega kya? Priya.,health
Free health checkup scheme ke liye kaise register kare? Meena.,health
Government hospital me treatment free milega kya? Kavita.,health
"Neha bol raha/rahi hu, mera health card lost ho gaya hai.",health
"Mera health scheme card apply kiya hai, update chahiye, Rahul.",health
Government hospital me treatment free milega kya? Pooja.,health
"Mera health scheme card apply kiya hai, update chahiye, Manoj.",health
"Sunita hu, hospital me Ayushman card accept nahi kar rahe.",health
Free health checkup scheme ke liye kaise register kare? Arjun.,health
"Neha hu, hospital me Ayushman card accept nahi kar rahe.",health
Ayushman Bharat card download kaise karu? Amit puch raha/rahi hu.,health
"Mera health scheme card apply kiya hai, update chahiye, Ritu.",health
"Kavita hu, health scheme me family member add karna hai.",health
"Ritu hu, hospital me Ayushman card accept nahi kar rahe.",health
Ayushman claim ka status kaise check kare? Rajesh.,health
"Priya hu, hospital me Ayushman card accept nahi kar rahe.",health
"Anita speaking, mera health insurance scheme ka approval pending hai.",health
"Rajesh hu, health scheme me family member add karna hai.",health
"Meena bol raha/rahi hu, Ayushman card ka status check karna hai.",health
"Anita hu, health scheme me family member add karna hai.",health
"Priya speaking, mera health insurance scheme ka approval pending hai.",health
Ayushman claim ka status kaise check kare? Anita.,health
Free health checkup scheme ke liye kaise register kare? Rajesh.,health
"Manoj bol raha/rahi hu, Ayushman card ka status check karna hai.",health
"Priya bol raha/rahi hu, Ayushman card ka status check karna hai.",health
Ayushman claim ka status kaise check kare? Ravi.,health
Ayushman claim ka status kaise check kare? Pooja.,health
"Ravi bol raha/rahi hu, Ayushman card ka status check karna hai.",health
"Ravi bol raha/rahi hu, mera health card lost ho gaya hai.",health
Ayushman Bharat card download kaise karu? Priya puch raha/rahi hu.,health
Free health checkup scheme ke liye kaise register kare? Deepak.,health
Ayushman claim ka status kaise check kare? Pooja.,health
Ayushman Bharat card download kaise karu? Suresh puch raha/rahi hu.,health
"Anita bol raha/rahi hu, Ayushman card ka status check karna hai.",health
Ayushman Bharat card download kaise karu? Meena puch raha/rahi hu.,health
Ayushman claim ka status kaise check kare? Pooja.,health
Ayushman claim ka status kaise check kare? Ritu.,health
Ayushman claim ka status kaise check kare? Pooja.,health
"Amit hu, hospital me Ayushman card accept nahi kar rahe.",health
"Vikas bol raha/rahi hu, mera health card lost ho gaya hai.",health
"Mera health scheme card apply kiya hai, update chahiye, Anita.",health
"Vikas bol raha/rahi hu, mera health card lost ho gaya hai.",health
"Manoj hu, health scheme me family member add karna hai.",health
"Suresh bol raha/rahi hu, mera health card lost ho gaya hai.",health
Ayushman Bharat card download kaise karu? Rajesh puch raha/rahi hu.,health
"Amit hu, hospital me Ayushman card accept nahi kar rahe.",health
"Ravi bol raha/rahi hu, Ayushman card ka status check karna hai.",health
Free health checkup scheme ke liye kaise register kare? Neha.,health
"Manoj bol raha/rahi hu, mera health card lost ho gaya hai.",health
"Kavita bol raha/rahi hu, Ayushman card ka status check karna hai.",health
Free health checkup scheme ke liye kaise register kare? Arjun.,health
Free health checkup scheme ke liye kaise register kare? Pooja.,health
"Seema bol raha/rahi hu, mera health card lost ho gaya hai.",health
"Anita bol raha/rahi hu, Ayushman card ka status check karna hai.",health
"Seema hu, health scheme me family member add karna hai.",health
"Amit hu, hospital me Ayushman card accept nahi kar rahe.",health
"Rahul speaking, mera health insurance scheme ka approval pending hai.",health
"Ritu bol raha/rahi hu, mera health card lost ho gaya hai.",health
"Seema bol raha/rahi hu, Ayushman card ka status check karna hai.",health
"Priya hu, hospital me Ayushman card accept nahi kar rahe.",health
"Manoj hu, health scheme me family member add karna hai.",health
"Deepak speaking, mera health insurance scheme ka approval pending hai.",health
"Sunita speaking, mera health insurance scheme ka approval pending hai.",health
Government hospital me treatment free milega kya? Ravi.,health
"Rahul hu, hospital me Ayushman card accept nahi kar rahe.",health
"Rajesh hu, hospital me Ayushman card accept nahi kar rahe.",health
"Amit hu, health scheme me family member add karna hai.",health
Ayushman claim ka status kaise check kare? Sunita.,health
Free health checkup scheme ke liye kaise register kare? Amit.,health
"Rajesh hu, health scheme me family member add karna hai.",health
Ayushman Bharat card download kaise karu? Rajesh puch raha/rahi hu.,health
"Nisha hu, health scheme me family member add karna hai.",health
"Ravi bol raha/rahi hu, mera health card lost ho gaya hai.",health
Government hospital me treatment free milega kya? Rahul.,health
"Ritu bol raha/rahi hu, Ayushman card ka status check karna hai.",health
Ayushman claim ka status kaise check kare? Sunita.,health
Free health checkup scheme ke liye kaise register kare? Seema.,health
Free health checkup scheme ke liye kaise register kare? Kavita.,health
Free health checkup scheme ke liye kaise register kare? Sunita.,health
"Manoj bol raha/rahi hu, Ayushman card ka status check karna hai.",health
Ayushman Bharat card download kaise karu? Kavita puch raha/rahi hu.,health
"Deepak hu, health scheme me family member add karna hai.",health
Ayushman claim ka status kaise check kare? Suresh.,health
Ayushman claim ka status kaise check kare? Rajesh.,health
"Manoj speaking, mera health insurance scheme ka approval pending hai.",health
Ayushman Bharat card download kaise karu? Nisha puch raha/rahi hu.,health
Free health checkup scheme ke liye kaise register kare? Kavita.,health
"Pooja hu, health scheme me family member add karna hai.",health
Ayushman Bharat card download kaise karu? Ravi puch raha/rahi hu.,health
"Rahul hu, hospital me Ayushman card accept nahi kar rahe.",health
"Kavita bol raha/rahi hu, mera health card lost ho gaya hai.",health
Government hospital me treatment free milega kya? Amit.,health
"Mera health scheme card apply kiya hai, update chahiye, Karan.",health
"Vikas hu, hospital me Ayushman card accept nahi kar rahe.",health
Ayushman claim ka status kaise check kare? Pooja.,health
Government hospital me treatment free milega kya? Manoj.,health
"Anita bol raha/rahi hu, mera health card lost ho gaya hai.",health
"Ravi bol raha/rahi hu, Ayushman card ka status check karna hai.",health
"Seema hu, hospital me Ayushman card accept nahi kar rahe.",health
"Amit speaking, mera health insurance scheme ka approval pending hai.",health
"Pooja bol raha/rahi hu, Ayushman card ka status check karna hai.",health
Free health checkup scheme ke liye kaise register kare? Ritu.,health
Free health checkup scheme ke liye kaise register kare? Vikas.,health
Ayushman Bharat card download kaise karu? Vikas puch raha/rahi hu.,health
Ayushman claim ka status kaise check kare? Sunita.,health
Government hospital me treatment free milega kya? Pooja.,health
"Mera health scheme card apply kiya hai, update chahiye, Deepak.",health
"Sunita bol raha/rahi hu, Ayushman card ka status check karna hai.",health
"Mera health scheme card apply kiya hai, update chahiye, Karan.",health
Ayushman Bharat card download kaise karu? Rahul puch raha/rahi hu.,health
"Neha hu, hospital me Ayushman card accept nahi kar rahe.",health
Ayushman Bharat card download kaise karu? Sunita puch raha/rahi hu.,health
Government hospital me treatment free milega kya? Vikas.,health
"Amit speaking, mera health insurance scheme ka approval pending hai.",health
Ayushman Bharat card download kaise karu? Deepak puch raha/rahi hu.,health
"Suresh speaking, mera health insurance scheme ka approval pending hai.",health
"Rahul bol raha/rahi hu, Ayushman card ka status check karna hai.",health
"Mera health scheme card apply kiya hai, update chahiye, Suresh.",health
"Ritu bol raha/rahi hu, mera health card lost ho gaya hai.",health
"Rahul bol raha/rahi hu, mera health card lost ho gaya hai.",health
Ayushman Bharat card download kaise karu? Priya puch raha/rahi hu.,health
"Priya bol raha/rahi hu, Ayushman card ka status check karna hai.",health
"Arjun bol raha/rahi hu, mera health card lost ho gaya hai.",health
"Neha bol raha/rahi hu, Ayushman card ka status check karna hai.",health
Ayushman claim ka status kaise check kare? Vikas.,health
"Karan hu, hospital me Ayushman card accept nahi kar rahe.",health
"Rahul bol raha/rahi hu, Ayushman card ka status check karna hai.",health
"Neha bol raha/rahi hu, mera health card lost ho gaya hai.",health
"Suresh bol raha/rahi hu, Ayushman card ka status check karna hai.",health
"Ravi bol raha/rahi hu, Ayushman card ka status check karna hai.",health
"Ravi bol raha/rahi hu, Ayushman card ka status check karna hai.",health
"Suresh hu, health scheme me family member add karna hai.",health
"Kavita bol raha/rahi hu, Ayushman card ka status check karna hai.",health
Government hospital me treatment free milega kya? Nisha.,health
Government hospital me treatment free milega kya? Amit.,health
Free health checkup scheme ke liye kaise register kare? Ravi.,health
"Mera health scheme card apply kiya hai, update chahiye, Pooja.",health
"Rajesh hu, health scheme me family member add karna hai.",health
Free health checkup scheme ke liye kaise register kare? Vikas.,health
"Mera health scheme card apply kiya hai, update chahiye, Sunita.",health
Government hospital me treatment free milega kya? Arjun.,health
Ayushman claim ka status kaise check kare? Sunita.,health
Free health checkup scheme ke liye kaise register kare? Arjun.,health
"Ravi hu, hospital me Ayushman card accept nahi kar rahe.",health
Government hospital me treatment free milega kya? Manoj.,health
"Suresh bol raha/rahi hu, mera health card lost ho gaya hai.",health
"Arjun hu, hospital me Ayushman card accept nahi kar rahe.",health
Free health checkup scheme ke liye kaise register kare? Deepak.,health
"Meena hu, health scheme me family member add karna hai.",health
"Amit bol raha/rahi hu, Ayushman card ka status check karna hai.",health
Ayushman claim ka status kaise check kare? Priya.,health
"Ravi bol raha/rahi hu, Ayushman card ka status check karna hai.",health
"Neha hu, hospital me Ayushman card accept nahi kar rahe.",health
"Rahul hu, hospital me Ayushman card accept nahi kar rahe.",health
"Mera health scheme card apply kiya hai, update chahiye, Priya.",health
Ayushman Bharat card download kaise karu? Seema puch raha/rahi hu.,health
"Mera health scheme card apply kiya hai, update chahiye, Deepak.",health
"Mera health scheme card apply kiya hai, update chahiye, Amit.",health
Ayushman Bharat card download kaise karu? Amit puch raha/rahi hu.,health
"Mera health scheme card apply kiya hai, update chahiye, Rajesh.",health
"Vikas hu, hospital me Ayushman card accept nahi kar rahe.",health
"Vikas speaking, mera health insurance scheme ka approval pending hai.",health
"Pooja hu, health scheme me family member add karna hai.",health
Ayushman claim ka status kaise check kare? Meena.,health
Free health checkup scheme ke liye kaise register kare? Sunita.,health
"Mera health scheme card apply kiya hai, update chahiye, Deepak.",health
Free health checkup scheme ke liye kaise register kare? Vikas.,health
"Nisha bol raha/rahi hu, Ayushman card ka status check karna hai.",health
Free health checkup scheme ke liye kaise register kare? Nisha.,health
"Mera health scheme card apply kiya hai, update chahiye, Kavita.",health
"Suresh bol raha/rahi hu, mera health card lost ho gaya hai.",health
Government hospital me treatment free milega kya? Ritu.,health
"Rahul hu, hospital me Ayushman card accept nahi kar rahe.",health
"Rajesh hu, hospital me Ayushman card accept nahi kar rahe.",health
Ayushman Bharat card download kaise karu? Pooja puch raha/rahi hu.,health
"Mera health scheme card apply kiya hai, update chahiye, Anita.",health
"Seema bol raha/rahi hu, Ayushman card ka status check karna hai.",health
Free health checkup scheme ke liye kaise register kare? Neha.,health
"Meena bol raha/rahi hu, mera health card lost ho gaya hai.",health
"Manoj bol raha/rahi hu, Ayushman card ka status check karna hai.",health
Government hospital me treatment free milega kya? Anita.,health
"Mera health scheme card apply kiya hai, update chahiye, Nisha.",health
Ayushman claim ka status kaise check kare? Meena.,health
Government hospital me treatment free milega kya? Nisha.,health
"Mera health scheme card apply kiya hai, update chahiye, Priya.",health
"Karan bol raha/rahi hu, Ayushman card ka status check karna hai.",health
"Mera health scheme card apply kiya hai, update chahiye, Anita.",health
"Manoj bol raha/rahi hu, mera health card lost ho gaya hai.",health
"Meena bol raha/rahi hu, mera health card lost ho gaya hai.",health
"Seema bol raha/rahi hu, mera health card lost ho gaya hai.",health
"Rahul hu, health scheme me family member add karna hai.",health
"Deepak hu, hospital me Ayushman card accept nahi kar rahe.",health
Ayushman Bharat card download kaise karu? Neha puch raha/rahi hu.,health
"Meena hu, hospital me Ayushman card accept nahi kar rahe.",health
"Mera health scheme card apply kiya hai, update chahiye, Neha.",health
"Rahul bol raha/rahi hu, mera health card lost ho gaya hai.",health
Ayushman claim ka status kaise check kare? Priya.,health
"Vikas hu, health scheme me family member add karna hai.",health
Ayushman claim ka status kaise check kare? Anita.,health
"Pooja speaking, mera health insurance scheme ka approval pending hai.",health
"Deepak hu, health scheme me family member add karna hai.",health
Ayushman Bharat card download kaise karu? Seema puch raha/rahi hu.,health
"Nisha bol raha/rahi hu, mera health card lost ho gaya hai.",health
"Seema hu, health scheme me family member add karna hai.",health
"Deepak speaking, mera health insurance scheme ka approval pending hai.",health
"Karan hu, health scheme me family member add karna hai.",health
"Priya bol raha/rahi hu, mera health card lost ho gaya hai.",health
"Rajesh hu, health scheme me family member add karna hai.",health
"Amit speaking, mera health insurance scheme ka approval pending hai.",health
"Arjun hu, health scheme me family member add karna hai.",health
Free health checkup scheme ke liye kaise register kare? Rahul.,health
Government hospital me treatment free milega kya? Rahul.,health
"Kavita bol raha/rahi hu, mera health card lost ho gaya hai.",health
Ayushman claim ka status kaise check kare? Anita.,health
Ayushman Bharat card download kaise karu? Kavita puch raha/rahi hu.,health
Government hospital me treatment free milega kya? Anita.,health
"Vikas bol raha/rahi hu, Ayushman card ka status check karna hai.",health
"Sunita bol raha/rahi hu, mera health card lost ho gaya hai.",health
Government hospital me treatment free milega kya? Suresh.,health
"Priya speaking, mera health insurance scheme ka approval pending hai.",health
Ayushman claim ka status kaise check kare? Ravi.,health
Government hospital me treatment free milega kya? Suresh.,health
Government hospital me treatment free milega kya? Sunita.,health
"Suresh speaking, mera health insurance scheme ka approval pending hai.",health
"Seema speaking, mera health insurance scheme ka approval pending hai.",health
"Mera health scheme card apply kiya hai, update chahiye, Arjun.",health
Government hospital me treatment free milega kya? Rajesh.,health
Free health checkup scheme ke liye kaise register kare? Manoj.,health
"Kavita bol raha/rahi hu, mera health card lost ho gaya hai.",health
"Meena speaking, mera health insurance scheme ka approval pending hai.",health
"Karan speaking, mera health insurance scheme ka approval pending hai.",health
"Rahul bol raha/rahi hu, Ayushman card ka status check karna hai.",health
"Ravi bol raha/rahi hu, mera health card lost ho gaya hai.",health
"Meena hu, health scheme me family member add karna hai.",health
"Priya hu, health scheme me family member add karna hai.",health
"Kavita bol raha/rahi hu, Ayushman card ka status check karna hai.",health
"Ravi hu, health scheme me family member add karna hai.",health
Ayushman Bharat card download kaise karu? Rahul puch raha/rahi hu.,health
"Ritu bol raha/rahi hu, Ayushman card ka status check karna hai.",health
"Ritu speaking, pension form submit kiya tha par approval nahi mila.",pension
"Meena hu, pension amount account me nahi aaya hai.",pension
"Old age pension apply kiya tha, update chahiye, Ritu.",pension
"Mera pension account change karna hai, Vikas bol raha/rahi hu.",pension
"Deepak speaking, pension form submit kiya tha par approval nahi mila.",pension
"Neha bol raha/rahi hu, mera pension ruka hua hai, status check karna hai.",pension
"Mera pension account change karna hai, Karan bol raha/rahi hu.",pension
Pension scheme me naam correction kaise kare? Meena.,pension
"Old age pension apply kiya tha, update chahiye, Neha.",pension
"Nisha bol raha/rahi hu, pension portal login issue aa raha hai.",pension
"Manoj hu, pension amount account me nahi aaya hai.",pension
"Deepak bol raha/rahi hu, mera pension ruka hua hai, status check karna hai.",pension
"Anita bol raha/rahi hu, pension portal login issue aa raha hai.",pension
"Vikas bol raha/rahi hu, pension portal login issue aa raha hai.",pension
Senior citizen pension ka status kaise check kare? Manoj.,pension
"Anita hu, pension amount account me nahi aaya hai.",pension
"Sunita bol raha/rahi hu, pension portal login issue aa raha hai.",pension
"Meena speaking, pension form submit kiya tha par approval nahi mila.",pension
Widow pension ke liye eligibility kya hai? Kavita.,pension
"Deepak hu, pension payment ka last transaction check karna hai.",pension
Pension scheme me naam correction kaise kare? Nisha.,pension
Senior citizen pension ka status kaise check kare? Manoj.,pension
"Mera pension account change karna hai, Vikas bol raha/rahi hu.",pension
Senior citizen pension ka status kaise check kare? Amit.,pension
"Mera pension account change karna hai, Karan bol raha/rahi hu.",pension
Widow pension ke liye eligibility kya hai? Ravi.,pension
"Amit speaking, pension form submit kiya tha par approval nahi mila.",pension
"Ravi hu, pension amount account me nahi aaya hai.",pension
"Old age pension apply kiya tha, update chahiye, Neha.",pension
"Vikas hu, pension amount account me nahi aaya hai.",pension
Senior citizen pension ka status kaise check kare? Karan.,pension
"Mera pension account change karna hai, Seema bol raha/rahi hu.",pension
Senior citizen pension ka status kaise check kare? Rahul.,pension
Senior citizen pension ka status kaise check kare? Seema.,pension
Senior citizen pension ka status kaise check kare? Rajesh.,pension
"Neha hu, pension payment ka last transaction check karna hai.",pension
Senior citizen pension ka status kaise check kare? Vikas.,pension
"Priya hu, pension payment ka last transaction check karna hai.",pension
"Karan speaking, pension form submit kiya tha par approval nahi mila.",pension
"Vikas hu, pension payment ka last transaction check karna hai.",pension
"Vikas speaking, pension form submit kiya tha par approval nahi mila.",pension
"Rahul bol raha/rahi hu, pension portal login issue aa raha hai.",pension
"Old age pension apply kiya tha, update chahiye, Neha.",pension
"Kavita bol raha/rahi hu, mera pension ruka hua hai, status check karna hai.",pension
"Karan bol raha/rahi hu, mera pension ruka hua hai, status check karna hai.",pension
"Old age pension apply kiya tha, update chahiye, Ravi.",pension
Widow pension ke liye eligibility kya hai? Manoj.,pension
Widow pension ke liye eligibility kya hai? Karan.,pension
"Seema hu, pension amount account me nahi aaya hai.",pension
"Old age pension apply kiya tha, update chahiye, Deepak.",pension
"Amit hu, pension amount account me nahi aaya hai.",pension
Pension scheme me naam correction kaise kare? Arjun.,pension
"Rajesh hu, pension payment ka last transaction check karna hai.",pension
Pension scheme me naam correction kaise kare? Amit.,pension
Senior citizen pension ka status kaise check kare? Vikas.,pension
Widow pension ke liye eligibility kya hai? Seema.,pension
"Old age pension apply kiya tha, update chahiye, Anita.",pension
"Seema hu, pension payment ka last transaction check karna hai.",pension
"Manoj hu, pension payment ka last transaction check karna hai.",pension
"Rajesh speaking, pension form submit kiya tha par approval nahi mila.",pension
Widow pension ke liye eligibility kya hai? Arjun.,pension
Senior citizen pension ka status kaise check kare? Neha.,pension
"Mera pension account change karna hai, Amit bol raha/rahi hu.",pension
"Mera pension account change karna hai, Kavita bol raha/rahi hu.",pension
"Pooja speaking, pension form submit kiya tha par approval nahi mila.",pension
"Old age pension apply kiya tha, update chahiye, Vikas.",pension
"Anita speaking, pension form submit kiya tha par approval nahi mila.",pension
"Ravi bol raha/rahi hu, pension portal login issue aa raha hai.",pension
Widow pension ke liye eligibility kya hai? Seema.,pension
"Ravi speaking, pension form submit kiya tha par approval nahi mila.",pension
"Mera pension account change karna hai, Anita bol raha/rahi hu.",pension
"Mera pension account change karna hai, Amit bol raha/rahi hu.",pension
"Nisha hu, pension amount account me nahi aaya hai.",pension
Senior citizen pension ka status kaise check kare? Deepak.,pension
"Nisha hu, pension amount account me nahi aaya hai.",pension
"Amit speaking, pension form submit kiya tha par approval nahi mila.",pension
"Nisha bol raha/rahi hu, mera pension ruka hua hai, status check karna hai.",pension
Widow pension ke liye eligibility kya hai? Rahul.,pension
"Sunita bol raha/rahi hu, mera pension ruka hua hai, status check karna hai.",pension
"Ritu hu, pension amount account me nahi aaya hai.",pension
Senior citizen pension ka status kaise check kare? Priya.,pension
Senior citizen pension ka status kaise check kare? Amit.,pension
"Old age pension apply kiya tha, update chahiye, Ritu.",pension
"Sunita bol raha/rahi hu, pension portal login issue aa raha hai.",pension
Senior citizen pension ka status kaise check kare? Priya.,pension
"Karan speaking, pension form submit kiya tha par approval nahi mila.",pension
"Seema hu, pension amount account me nahi aaya hai.",pension
"Kavita hu, pension payment ka last transaction check karna hai.",pension
"Old age pension apply kiya tha, update chahiye, Seema.",pension
"Meena bol raha/rahi hu, pension portal login issue aa raha hai.",pension
Widow pension ke liye eligibility kya hai? Nisha.,pension
Senior citizen pension ka status kaise check kare? Suresh.,pension
Senior citizen pension ka status kaise check kare? Rahul.,pension
Senior citizen pension ka status kaise check kare? Vikas.,pension
"Ravi hu, pension payment ka last transaction check karna hai.",pension
Pension scheme me naam correction kaise kare? Karan.,pension
"Mera pension account change karna hai, Priya bol raha/rahi hu.",pension
"Old age pension apply kiya tha, update chahiye, Neha.",pension
"Suresh hu, pension amount account me nahi aaya hai.",pension
"Mera pension account change karna hai, Manoj bol raha/rahi hu.",pension
"Meena bol raha/rahi hu, pension portal login issue aa raha hai.",pension
Widow pension ke liye eligibility kya hai? Sunita.,pension
"Ravi speaking, pension form submit kiya tha par approval nahi mila.",pension
"Nisha speaking, pension form submit kiya tha par approval nahi mila.",pension
"Nisha speaking, pension form submit kiya tha par approval nahi mila.",pension
Pension scheme me naam correction kaise kare? Ravi.,pension
"Pooja speaking, pension form submit kiya tha par approval nahi mila.",pension
"Karan hu, pension amount account me nahi aaya hai.",pension
"Anita hu, pension payment ka last transaction check karna hai.",pension
"Amit bol raha/rahi hu, mera pension ruka hua hai, status check karna hai.",pension
Pension scheme me naam correction kaise kare? Rahul.,pension
"Seema bol raha/rahi hu, pension portal login issue aa raha hai.",pension
"Suresh hu, pension amount account me nahi aaya hai.",pension
Senior citizen pension ka status kaise check kare? Anita.,pension
"Deepak speaking, pension form submit kiya tha par approval nahi mila.",pension
"Meena speaking, pension form submit kiya tha par approval nahi mila.",pension
"Mera pension account change karna hai, Pooja bol raha/rahi hu.",pension
Widow pension ke liye eligibility kya hai? Manoj.,pension
"Mera pension account change karna hai, Rahul bol raha/rahi hu.",pension
"Neha bol raha/rahi hu, mera pension ruka hua hai, status check karna hai.",pension
Pension scheme me naam correction kaise kare? Suresh.,pension
"Rajesh hu, pension payment ka last transaction check karna hai.",pension
"Amit hu, pension amount account me nahi aaya hai.",pension
"Mera pension account change karna hai, Seema bol raha/rahi hu.",pension
"Anita hu, pension payment ka last transaction check karna hai.",pension
Widow pension ke liye eligibility kya hai? Priya.,pension
"Ravi hu, pension payment ka last transaction check karna hai.",pension
Senior citizen pension ka status kaise check kare? Amit.,pension
Widow pension ke liye eligibility kya hai? Karan.,pension
Pension scheme me naam correction kaise kare? Pooja.,pension
"Rahul speaking, pension form submit kiya tha par approval nahi mila.",pension
"Mera pension account change karna hai, Neha bol raha/rahi hu.",pension
Pension scheme me naam correction kaise kare? Kavita.,pension
"Deepak hu, pension amount account me nahi aaya hai.",pension
"Old age pension apply kiya tha, update chahiye, Kavita.",pension
"Old age pension apply kiya tha, update chahiye, Seema.",pension
"Manoj hu, pension payment ka last transaction check karna hai.",pension
"Deepak speaking, pension form submit kiya tha par approval nahi mila.",pension
"Rahul bol raha/rahi hu, mera pension ruka hua hai, status check karna hai.",pension
"Old age pension apply kiya tha, update chahiye, Neha.",pension
"Mera pension account change karna hai, Sunita bol raha/rahi hu.",pension
Pension scheme me naam correction kaise kare? Rajesh.,pension
Widow pension ke liye eligibility kya hai? Ritu.,pension
"Old age pension apply kiya tha, update chahiye, Nisha.",pension
Senior citizen pension ka status kaise check kare? Rajesh.,pension
Senior citizen pension ka status kaise check kare? Meena.,pension
"Arjun bol raha/rahi hu, mera pension ruka hua hai, status check karna hai.",pension
"Vikas hu, pension amount account me nahi aaya hai.",pension
"Priya speaking, pension form submit kiya tha par approval nahi mila.",pension
Senior citizen pension ka status kaise check kare? Rahul.,pension
"Mera pension account change karna hai, Rahul bol raha/rahi hu.",pension
"Priya speaking, pension form submit kiya tha par approval nahi mila.",pension
"Mera pension account change karna hai, Sunita bol raha/rahi hu.",pension
Pension scheme me naam correction kaise kare? Anita.,pension
"Vikas bol raha/rahi hu, pension portal login issue aa raha hai.",pension
"Old age pension apply kiya tha, update chahiye, Ritu.",pension
"Deepak bol raha/rahi hu, mera pension ruka hua hai, status check karna hai.",pension
"Old age pension apply kiya tha, update chahiye, Sunita.",pension
"Meena bol raha/rahi hu, mera pension ruka hua hai, status check karna hai.",pension
Pension scheme me naam correction kaise kare? Amit.,pension
Pension scheme me naam correction kaise kare? Pooja.,pension
"Suresh hu, pension amount account me nahi aaya hai.",pension
"Manoj bol raha/rahi hu, pension portal login issue aa raha hai.",pension
"Amit bol raha/rahi hu, pension portal login issue aa raha hai.",pension
Pension scheme me naam correction kaise kare? Manoj.,pension
"Deepak hu, pension amount account me nahi aaya hai.",pension
"Amit hu, pension payment ka last transaction check karna hai.",pension
"Meena bol raha/rahi hu, mera pension ruka hua hai, status check karna hai.",pension
"Ritu hu, pension payment ka last transaction check karna hai.",pension
"Sunita hu, pension payment ka last transaction check karna hai.",pension
"Amit bol raha/rahi hu, pension portal login issue aa raha hai.",pension
"Karan bol raha/rahi hu, mera pension ruka hua hai, status check karna hai.",pension
Pension scheme me naam correction kaise kare? Deepak.,pension
"Kavita hu, pension amount account me nahi aaya hai.",pension
"Old age pension apply kiya tha, update chahiye, Ritu.",pension
Widow pension ke liye eligibility kya hai? Arjun.,pension
"Manoj bol raha/rahi hu, pension portal login issue aa raha hai.",pension
"Old age pension apply kiya tha, update chahiye, Karan.",pension
"Old age pension apply kiya tha, update chahiye, Karan.",pension
"Deepak hu, pension amount account me nahi aaya hai.",pension
"Ritu hu, pension amount account me nahi aaya hai.",pension
"Old age pension apply kiya tha, update chahiye, Ravi.",pension
"Anita hu, pension payment ka last transaction check karna hai.",pension
Senior citizen pension ka status kaise check kare? Manoj.,pension
"Amit bol raha/rahi hu, pension portal login issue aa raha hai.",pension
Senior citizen pension ka status kaise check kare? Neha.,pension
Pension scheme me naam correction kaise kare? Deepak.,pension
Widow pension ke liye eligibility kya hai? Seema.,pension
"Sunita hu, pension payment ka last transaction check karna hai.",pension
Pension scheme me naam correction kaise kare? Ravi.,pension
"Manoj bol raha/rahi hu, mera pension ruka hua hai, status check karna hai.",pension
"Karan hu, pension amount account me nahi aaya hai.",pension
Pension scheme me naam correction kaise kare? Manoj.,pension
"Mera pension account change karna hai, Arjun bol raha/rahi hu.",pension
Senior citizen pension ka status kaise check kare? Suresh.,pension
Pension scheme me naam correction kaise kare? Karan.,pension
"Karan speaking, pension form submit kiya tha par approval nahi mila.",pension
"Sunita hu, pension amount account me nahi aaya hai.",pension
"Karan hu, pension amount account me nahi aaya hai.",pension
"Meena speaking, pension form submit kiya tha par approval nahi mila.",pension
Senior citizen pension ka status kaise check kare? Rajesh.,pension
Pension scheme me naam correction kaise kare? Pooja.,pension
Widow pension ke liye eligibility kya hai? Nisha.,pension
Widow pension ke liye eligibility kya hai? Kavita.,pension
"Mera pension account change karna hai, Ritu bol raha/rahi hu.",pension
"Kavita bol raha/rahi hu, pension portal login issue aa raha hai.",pension
Pension scheme me naam correction kaise kare? Vikas.,pension
Widow pension ke liye eligibility kya hai? Vikas.,pension
"Karan hu, pension amount account me nahi aaya hai.",pension
"Deepak hu, pension amount account me nahi aaya hai.",pension
"Rajesh bol raha/rahi hu, mera pension ruka hua hai, status check karna hai.",pension
"Amit bol raha/rahi hu, mera pension ruka hua hai, status check karna hai.",pension
Senior citizen pension ka status kaise check kare? Sunita.,pension
Pension scheme me naam correction kaise kare? Anita.,pension
"Old age pension apply kiya tha, update chahiye, Seema.",pension
"Rajesh bol raha/rahi hu, mera pension ruka hua hai, status check karna hai.",pension
"Nisha hu, pension amount account me nahi aaya hai.",pension
"Vikas speaking, pension form submit kiya tha par approval nahi mila.",pension
"Mera pension account change karna hai, Anita bol raha/rahi hu.",pension
"Karan hu, pension payment ka last transaction check karna hai.",pension
"Neha bol raha/rahi hu, pension portal login issue aa raha hai.",pension
"Manoj hu, pension payment ka last transaction check karna hai.",pension
Pension scheme me naam correction kaise kare? Sunita.,pension
"Old age pension apply kiya tha, update chahiye, Amit.",pension
"Mera pension account change karna hai, Deepak bol raha/rahi hu.",pension
"Ritu speaking, pension form submit kiya tha par approval nahi mila.",pension
Widow pension ke liye eligibility kya hai? Seema.,pension
"Mera pension account change karna hai, Nisha bol raha/rahi hu.",pension
"Anita hu, pension amount account me nahi aaya hai.",pension
"Old age pension apply kiya tha, update chahiye, Ravi.",pension
Widow pension ke liye eligibility kya hai? Neha.,pension
"Old age pension apply kiya tha, update chahiye, Sunita.",pension
Senior citizen pension ka status kaise check kare? Deepak.,pension
"Ritu bol raha/rahi hu, pension portal login issue aa raha hai.",pension
Senior citizen pension ka status kaise check kare? Vikas.,pension
Widow pension ke liye eligibility kya hai? Ritu.,pension
"Meena speaking, pension form submit kiya tha par approval nahi mila.",pension
Pension scheme me naam correction kaise kare? Amit.,pension
"Amit bol raha/rahi hu, mera pension ruka hua hai, status check karna hai.",pension
"Arjun hu, pension amount account me nahi aaya hai.",pension
"Rajesh hu, pension amount account me nahi aaya hai.",pension
"Suresh hu, pension payment ka last transaction check karna hai.",pension
"Manoj bol raha/rahi hu, mera pension ruka hua hai, status check karna hai.",pension
"Deepak hu, pension amount account me nahi aaya hai.",pension
"Old age pension apply kiya tha, update chahiye, Priya.",pension
"Pooja hu, pension amount account me nahi aaya hai.",pension
"Amit bol raha/rahi hu, pension portal login issue aa raha hai.",pension
Pension scheme me naam correction kaise kare? Sunita.,pension
"Old age pension apply kiya tha, update chahiye, Rahul.",pension
"Old age pension apply kiya tha, update chahiye, Amit.",pension
Widow pension ke liye eligibility kya hai? Vikas.,pension
"Pooja hu, pension amount account me nahi aaya hai.",pension
"Mera pension account change karna hai, Anita bol raha/rahi hu.",pension
"Deepak bol raha/rahi hu, mera pension ruka hua hai, status check karna hai.",pension
"Mera pension account change karna hai, Rajesh bol raha/rahi hu.",pension
"Pooja bol raha/rahi hu, pension portal login issue aa raha hai.",pension
Widow pension ke liye eligibility kya hai? Ravi.,pension
"Arjun hu, pension amount account me nahi aaya hai.",pension
"Meena speaking, pension form submit kiya tha par approval nahi mila.",pension
Pension scheme me naam correction kaise kare? Rahul.,pension
Widow pension ke liye eligibility kya hai? Seema.,pension
"Old age pension apply kiya tha, update chahiye, Seema.",pension
"Suresh bol raha/rahi hu, pension portal login issue aa raha hai.",pension
"Nisha hu, pension payment ka last transaction check karna hai.",pension
Widow pension ke liye eligibility kya hai? Neha.,pension
Senior citizen pension ka status kaise check kare? Priya.,pension
Senior citizen pension ka status kaise check kare? Ritu.,pension
Senior citizen pension ka status kaise check kare? Karan.,pension
"Old age pension apply kiya tha, update chahiye, Ritu.",pension
Pension scheme me naam correction kaise kare? Deepak.,pension
"Kavita bol raha/rahi hu, mera pension ruka hua hai, status check karna hai.",pension
Senior citizen pension ka status kaise check kare? Priya.,pension
"Seema hu, pension amount account me nahi aaya hai.",pension
"Karan speaking, pension form submit kiya tha par approval nahi mila.",pension
"Ravi speaking, pension form submit kiya tha par approval nahi mila.",pension
"Mera pension account change karna hai, Vikas bol raha/rahi hu.",pension
"Mera pension account change karna hai, Neha bol raha/rahi hu.",pension
"Pooja speaking, pension form submit kiya tha par approval nahi mila.",pension
"Meena bol raha/rahi hu, pension portal login issue aa raha hai.",pension
"Ritu bol raha/rahi hu, pension portal login issue aa raha hai.",pension
"Kavita bol raha/rahi hu, pension portal login issue aa raha hai.",pension
"Amit hu, pension amount account me nahi aaya hai.",pension
Senior citizen pension ka status kaise check kare? Priya.,pension
Senior citizen pension ka status kaise check kare? Suresh.,pension
"Old age pension apply kiya tha, update chahiye, Neha.",pension
Senior citizen pension ka status kaise check kare? Vikas.,pension
"Priya hu, pension amount account me nahi aaya hai.",pension
Senior citizen pension ka status kaise check kare? Rahul.,pension
Widow pension ke liye eligibility kya hai? Rajesh.,pension
"Mera pension account change karna hai, Ritu bol raha/rahi hu.",pension
Widow pension ke liye eligibility kya hai? Rahul.,pension
"Anita bol raha/rahi hu, pension portal login issue aa raha hai.",pension
"Mera pension account change karna hai, Pooja bol raha/rahi hu.",pension
Widow pension ke liye eligibility kya hai? Manoj.,pension
"Arjun bol raha/rahi hu, pension portal login issue aa raha hai.",pension
Senior citizen pension ka status kaise check kare? Manoj.,pension
Senior citizen pension ka status kaise check kare? Deepak.,pension
"Mera pension account change karna hai, Sunita bol raha/rahi hu.",pension
Senior citizen pension ka status kaise check kare? Ravi.,pension
"Ravi speaking, pension form submit kiya tha par approval nahi mila.",pension
Pension scheme me naam correction kaise kare? Ritu.,pension
"Rajesh speaking, pension form submit kiya tha par approval nahi mila.",pension
"Seema bol raha/rahi hu, mera pension ruka hua hai, status check karna hai.",pension
Senior citizen pension ka status kaise check kare? Nisha.,pension
"Rahul hu, pension payment ka last transaction check karna hai.",pension
"Nisha speaking, pension form submit kiya tha par approval nahi mila.",pension
"Old age pension apply kiya tha, update chahiye, Nisha.",pension
"Amit hu, pension amount account me nahi aaya hai.",pension
"Karan bol raha/rahi hu, mera pension ruka hua hai, status check karna hai.",pension
"Anita hu, pension payment ka last transaction check karna hai.",pension
Pension scheme me naam correction kaise kare? Ritu.,pension
"Old age pension apply kiya tha, update chahiye, Priya.",pension
"Old age pension apply kiya tha, update chahiye, Deepak.",pension
"Old age pension apply kiya tha, update chahiye, Kavita.",pension
"Mera pension account change karna hai, Kavita bol raha/rahi hu.",pension
Pension scheme me naam correction kaise kare? Meena.,pension
"Manoj bol raha/rahi hu, mera pension ruka hua hai, status check karna hai.",pension
Senior citizen pension ka status kaise check kare? Ravi.,pension
"Rahul bol raha/rahi hu, pension portal login issue aa raha hai.",pension
Widow pension ke liye eligibility kya hai? Ravi.,pension
"Meena hu, pension payment ka last transaction check karna hai.",pension
"Mera pension account change karna hai, Amit bol raha/rahi hu.",pension
"Old age pension apply kiya tha, update chahiye, Anita.",pension
"Karan bol raha/rahi hu, pension portal login issue aa raha hai.",pension
"Sunita hu, pension payment ka last transaction check karna hai.",pension
"Ravi bol raha/rahi hu, pension portal login issue aa raha hai.",pension
"Neha bol raha/rahi hu, mera pension ruka hua hai, status check karna hai.",pension
"Priya bol raha/rahi hu, pension portal login issue aa raha hai.",pension
"Priya hu, pension payment ka last transaction check karna hai.",pension
"Nisha bol raha/rahi hu, pension portal login issue aa raha hai.",pension
"Old age pension apply kiya tha, update chahiye, Nisha.",pension
"Meena bol raha/rahi hu, pension portal login issue aa raha hai.",pension
Senior citizen pension ka status kaise check kare? Rajesh.,pension
Widow pension ke liye eligibility kya hai? Rajesh.,pension
Widow pension ke liye eligibility kya hai? Seema.,pension
Senior citizen pension ka status kaise check kare? Anita.,pension
"Rahul hu, pension payment ka last transaction check karna hai.",pension
"Meena hu, pension amount account me nahi aaya hai.",pension
Senior citizen pension ka status kaise check kare? Seema.,pension
"Mera pension account change karna hai, Vikas bol raha/rahi hu.",pension
Pension scheme me naam correction kaise kare? Anita.,pension
"Seema hu, pension amount account me nahi aaya hai.",pension
"Nisha speaking, pension form submit kiya tha par approval nahi mila.",pension
Senior citizen pension ka status kaise check kare? Rajesh.,pension
"Old age pension apply kiya tha, update chahiye, Pooja.",pension
"Nisha speaking, pension form submit kiya tha par approval nahi mila.",pension
Pension scheme me naam correction kaise kare? Anita.,pension
"Old age pension apply kiya tha, update chahiye, Anita.",pension
Senior citizen pension ka status kaise check kare? Karan.,pension
Widow pension ke liye eligibility kya hai? Ritu.,pension
Senior citizen pension ka status kaise check kare? Pooja.,pension
Pension scheme me naam correction kaise kare? Arjun.,pension
"Arjun hu, pension payment ka last transaction check karna hai.",pension
"Mera pension account change karna hai, Nisha bol raha/rahi hu.",pension
"Amit hu, pension amount account me nahi aaya hai.",pension
"Old age pension apply kiya tha, update chahiye, Anita.",pension
"Karan hu, pension amount account me nahi aaya hai.",pension
"Amit bol raha/rahi hu, pension portal login issue aa raha hai.",pension
Widow pension ke liye eligibility kya hai? Nisha.,pension
"Neha bol raha/rahi hu, mera pension ruka hua hai, status check karna hai.",pension
Senior citizen pension ka status kaise check kare? Deepak.,pension
"Arjun hu, pension payment ka last transaction check karna hai.",pension
"Rahul bol raha/rahi hu, mera pension ruka hua hai, status check karna hai.",pension
"Vikas hu, pension amount account me nahi aaya hai.",pension
"Old age pension apply kiya tha, update chahiye, Suresh.",pension
Pension scheme me naam correction kaise kare? Anita.,pension
"Meena hu, pension payment ka last transaction check karna hai.",pension
Pension scheme me naam correction kaise kare? Ravi.,pension
"Ritu bol raha/rahi hu, pension portal login issue aa raha hai.",pension
Pension scheme me naam correction kaise kare? Rahul.,pension
"Neha bol raha/rahi hu, pension portal login issue aa raha hai.",pension
"Mera pension account change karna hai, Anita bol raha/rahi hu.",pension
"Mera pension account change karna hai, Suresh bol raha/rahi hu.",pension
"Old age pension apply kiya tha, update chahiye, Sunita.",pension
Pension scheme me naam correction kaise kare? Deepak.,pension
Senior citizen pension ka status kaise check kare? Karan.,pension
"Rajesh hu, pension amount account me nahi aaya hai.",pension
"Meena hu, pension payment ka last transaction check karna hai.",pension
"Seema hu, pension payment ka last transaction check karna hai.",pension
Widow pension ke liye eligibility kya hai? Vikas.,pension
Pension scheme me naam correction kaise kare? Meena.,pension
"Old age pension apply kiya tha, update chahiye, Meena.",pension
Widow pension ke liye eligibility kya hai? Anita.,pension
Senior citizen pension ka status kaise check kare? Priya.,pension
Widow pension ke liye eligibility kya hai? Karan.,pension
"Old age pension apply kiya tha, update chahiye, Manoj.",pension
"Deepak speaking, pension form submit kiya tha par approval nahi mila.",pension
"Vikas bol raha/rahi hu, mera pension ruka hua hai, status check karna hai.",pension
Senior citizen pension ka status kaise check kare? Seema.,pension
Widow pension ke liye eligibility kya hai? Amit.,pension
"Neha bol raha/rahi hu, mera pension ruka hua hai, status check karna hai.",pension
Senior citizen pension ka status kaise check kare? Manoj.,pension
Senior citizen pension ka status kaise check kare? Suresh.,pension
"Pooja hu, pension payment ka last transaction check karna hai.",pension
"Pooja hu, pension amount account me nahi aaya hai.",pension
"Rajesh hu, pension payment ka last transaction check karna hai.",pension
Widow pension ke liye eligibility kya hai? Suresh.,pension
Pension scheme me naam correction kaise kare? Nisha.,pension
"Ritu bol raha/rahi hu, pension portal login issue aa raha hai.",pension
Senior citizen pension ka status kaise check kare? Seema.,pension
Senior citizen pension ka status kaise check kare? Neha.,pension
"Rahul bol raha/rahi hu, mera pension ruka hua hai, status check karna hai.",pension
"Meena bol raha/rahi hu, pension portal login issue aa raha hai.",pension
Senior citizen pension ka status kaise check kare? Sunita.,pension
"Nisha speaking, pension form submit kiya tha par approval nahi mila.",pension
"Priya hu, pension payment ka last transaction check karna hai.",pension
"Seema hu, pension payment ka last transaction check karna hai.",pension
"Karan bol raha/rahi hu, pension portal login issue aa raha hai.",pension
"Seema hu, pension payment ka last transaction check karna hai.",pension
Senior citizen pension ka status kaise check kare? Kavita.,pension
"Amit bol raha/rahi hu, mera pension ruka hua hai, status check karna hai.",pension
"Old age pension apply kiya tha, update chahiye, Arjun.",pension
"Arjun bol raha/rahi hu, pension portal login issue aa raha hai.",pension
"Old age pension apply kiya tha, update chahiye, Amit.",pension
"Amit bol raha/rahi hu, pension portal login issue aa raha hai.",pension
Pension scheme me naam correction kaise kare? Deepak.,pension
Pension scheme me naam correction kaise kare? Manoj.,pension
Senior citizen pension ka status kaise check kare? Kavita.,pension
Pension scheme me naam correction kaise kare? Rahul.,pension
"Rajesh hu, pension amount account me nahi aaya hai.",pension
Senior citizen pension ka status kaise check kare? Suresh.,pension
"Suresh bol raha/rahi hu, pension portal login issue aa raha hai.",pension
"Kavita hu, pension amount account me nahi aaya hai.",pension
"Kavita hu, pension amount account me nahi aaya hai.",pension
"Rajesh hu, pension amount account me nahi aaya hai.",pension
"Mera pension account change karna hai, Sunita bol raha/rahi hu.",pension
"Ritu speaking, pension form submit kiya tha par approval nahi mila.",pension
"Old age pension apply kiya tha, update chahiye, Meena.",pension
"Rahul hu, pension amount account me nahi aaya hai.",pension
"Suresh bol raha/rahi hu, mera pension ruka hua hai, status check karna hai.",pension
Senior citizen pension ka status kaise check kare? Deepak.,pension
"Deepak bol raha/rahi hu, mera pension ruka hua hai, status check karna hai.",pension
Pension scheme me naam correction kaise kare? Manoj.,pension
"Pooja hu, pension amount account me nahi aaya hai.",pension
"Ravi speaking, pension form submit kiya tha par approval nahi mila.",pension
"Old age pension apply kiya tha, update chahiye, Seema.",pension
"Karan hu, pension amount account me nahi aaya hai.",pension
"Manoj speaking, pension form submit kiya tha par approval nahi mila.",pension
"Mera pension account change karna hai, Seema bol raha/rahi hu.",pension
Senior citizen pension ka status kaise check kare? Priya.,pension
Pension scheme me naam correction kaise kare? Pooja.,pension
Widow pension ke liye eligibility kya hai? Sunita.,pension
"Meena hu, pension payment ka last transaction check karna hai.",pension
Pension scheme me naam correction kaise kare? Meena.,pension
Pension scheme me naam correction kaise kare? Kavita.,pension
"Meena hu, pension payment ka last transaction check karna hai.",pension
"Neha speaking, pension form submit kiya tha par approval nahi mila.",pension
"Rajesh bol raha/rahi hu, mera pension ruka hua hai, status check karna hai.",pension
"Kavita speaking, pension form submit kiya tha par approval nahi mila.",pension
Senior citizen pension ka status kaise check kare? Kavita.,pension
"Rajesh hu, pension amount account me nahi aaya hai.",pension
"Kavita bol raha/rahi hu, pension portal login issue aa raha hai.",pension
"Ravi bol raha/rahi hu, pension portal login issue aa raha hai.",pension
"Ravi bol raha/rahi hu, mera pension ruka hua hai, status check karna hai.",pension
"Mera pension account change karna hai, Rajesh bol raha/rahi hu.",pension
"Nisha hu, pension payment ka last transaction check karna hai.",pension
"Anita speaking, pension form submit kiya tha par approval nahi mila.",pension
Widow pension ke liye eligibility kya hai? Suresh.,pension
"Manoj bol raha/rahi hu, pension portal login issue aa raha hai.",pension
Senior citizen pension ka status kaise check kare? Seema.,pension
"Mera pension account change karna hai, Nisha bol raha/rahi hu.",pension
"Old age pension apply kiya tha, update chahiye, Vikas.",pension
"Priya hu, pension payment ka last transaction check karna hai.",pension
"Mera pension account change karna hai, Meena bol raha/rahi hu.",pension
"Mera pension account change karna hai, Amit bol raha/rahi hu.",pension
"Priya hu, pension payment ka last transaction check karna hai.",pension
"Mera pension account change karna hai, Suresh bol raha/rahi hu.",pension
Pension scheme me naam correction kaise kare? Meena.,pension
"Kavita speaking, pension form submit kiya tha par approval nahi mila.",pension
Senior citizen pension ka status kaise check kare? Rahul.,pension
"Priya hu, pension payment ka last transaction check karna hai.",pension
"Old age pension apply kiya tha, update chahiye, Nisha.",pension
"Seema speaking, pension form submit kiya tha par approval nahi mila.",pension
"Old age pension apply kiya tha, update chahiye, Priya.",pension
Senior citizen pension ka status kaise check kare? Neha.,pension
"Old age pension apply kiya tha, update chahiye, Rajesh.",pension
"Mera pension account change karna hai, Anita bol raha/rahi hu.",pension
"Ritu bol raha/rahi hu, mera pension ruka hua hai, status check karna hai.",pension
"Kavita bol raha/rahi hu, pension portal login issue aa raha hai.",pension
Senior citizen pension ka status kaise check kare? Vikas.,pension
"Rajesh hu, pension payment ka last transaction check karna hai.",pension
Senior citizen pension ka status kaise check kare? Rajesh.,pension
"Meena bol raha/rahi hu, mera pension ruka hua hai, status check karna hai.",pension
"Mera pension account change karna hai, Deepak bol raha/rahi hu.",pension
Pension scheme me naam correction kaise kare? Pooja.,pension
Pension scheme me naam correction kaise kare? Ritu.,pension
"Manoj speaking, pension form submit kiya tha par approval nahi mila.",pension
"Mera pension account change karna hai, Kavita bol raha/rahi hu.",pension
"Karan bol raha/rahi hu, mera pension ruka hua hai, status check karna hai.",pension
"Kavita speaking, pension form submit kiya tha par approval nahi mila.",pension
Senior citizen pension ka status kaise check kare? Rajesh.,pension
Widow pension ke liye eligibility kya hai? Sunita.,pension
"Seema hu, pension payment ka last transaction check karna hai.",pension
Senior citizen pension ka status kaise check kare? Deepak.,pension
"Karan hu, pension payment ka last transaction check karna hai.",pension
"Old age pension apply kiya tha, update chahiye, Rahul.",pension
"Anita hu, pension payment ka last transaction check karna hai.",pension
"Vikas hu, pension amount account me nahi aaya hai.",pension
Widow pension ke liye eligibility kya hai? Pooja.,pension
"Kavita bol raha/rahi hu, pension portal login issue aa raha hai.",pension
"Arjun speaking, pension form submit kiya tha par approval nahi mila.",pension
"Mera pension account change karna hai, Nisha bol raha/rahi hu.",pension
"Neha bol raha/rahi hu, pension portal login issue aa raha hai.",pension
Senior citizen pension ka status kaise check kare? Pooja.,pension
Pension scheme me naam correction kaise kare? Neha.,pension
"Karan hu, pension amount account me nahi aaya hai.",pension
Pension scheme me naam correction kaise kare? Deepak.,pension
"Rahul hu, pension amount account me nahi aaya hai.",pension
Pension scheme me naam correction kaise kare? Kavita.,pension
"Nisha hu, pension amount account me nahi aaya hai.",pension
"Anita hu, pension amount account me nahi aaya hai.",pension
"Vikas hu, pension payment ka last transaction check karna hai.",pension
"Old age pension apply kiya tha, update chahiye, Amit.",pension
"Pooja bol raha/rahi hu, pension portal login issue aa raha hai.",pension
"Mera pension account change karna hai, Ritu bol raha/rahi hu.",pension
"Priya bol raha/rahi hu, pension portal login issue aa raha hai.",pension
"Ritu hu, pension amount account me nahi aaya hai.",pension
"Mera pension account change karna hai, Ravi bol raha/rahi hu.",pension
Pension scheme me naam correction kaise kare? Rajesh.,pension
Widow pension ke liye eligibility kya hai? Seema.,pension
Pension scheme me naam correction kaise kare? Ravi.,pension
"Amit speaking, pension form submit kiya tha par approval nahi mila.",pension
"Sunita hu, pension amount account me nahi aaya hai.",pension
"Amit bol raha/rahi hu, pension portal login issue aa raha hai.",pension
Widow pension ke liye eligibility kya hai? Rajesh.,pension
Widow pension ke liye eligibility kya hai? Rahul.,pension
Widow pension ke liye eligibility kya hai? Nisha.,pension
"Nisha bol raha/rahi hu, pension portal login issue aa raha hai.",pension
Pension scheme me naam correction kaise kare? Rajesh.,pension
"Manoj hu, pension amount account me nahi aaya hai.",pension
Widow pension ke liye eligibility kya hai? Sunita.,pension
"Neha speaking, pension form submit kiya tha par approval nahi mila.",pension
Widow pension ke liye eligibility kya hai? Seema.,pension
"Ritu hu, pension amount account me nahi aaya hai.",pension
Senior citizen pension ka status kaise check kare? Neha.,pension
Senior citizen pension ka status kaise check kare? Rajesh.,pension
Pension scheme me naam correction kaise kare? Priya.,pension
"Meena speaking, pension form submit kiya tha par approval nahi mila.",pension
"Mera pension account change karna hai, Karan bol raha/rahi hu.",pension
"Pooja bol raha/rahi hu, pension portal login issue aa raha hai.",pension
Widow pension ke liye eligibility kya hai? Priya.,pension
"Old age pension apply kiya tha, update chahiye, Ravi.",pension
"Sunita hu, pension payment ka last transaction check karna hai.",pension
Pension scheme me naam correction kaise kare? Vikas.,pension
Pension scheme me naam correction kaise kare? Ravi.,pension
Widow pension ke liye eligibility kya hai? Suresh.,pension
"Mera pension account change karna hai, Rajesh bol raha/rahi hu.",pension
"Arjun bol raha/rahi hu, pension portal login issue aa raha hai.",pension
"Old age pension apply kiya tha, update chahiye, Rahul.",pension
"Meena hu, pension amount account me nahi aaya hai.",pension
"Kavita speaking, pension form submit kiya tha par approval nahi mila.",pension
"Anita bol raha/rahi hu, mera pension ruka hua hai, status check karna hai.",pension
Widow pension ke liye eligibility kya hai? Deepak.,pension
"Seema speaking, pension form submit kiya tha par approval nahi mila.",pension
"Ravi bol raha/rahi hu, mera pension ruka hua hai, status check karna hai.",pension
"Old age pension apply kiya tha, update chahiye, Priya.",pension
"Karan hu, pension payment ka last transaction check karna hai.",pension
Widow pension ke liye eligibility kya hai? Seema.,pension
"Arjun speaking, pension form submit kiya tha par approval nahi mila.",pension
"Old age pension apply kiya tha, update chahiye, Deepak.",pension
"Karan hu, pension payment ka last transaction check karna hai.",pension
"Neha bol raha/rahi hu, pension portal login issue aa raha hai.",pension
Senior citizen pension ka status kaise check kare? Deepak.,pension
"Seema speaking, pension form submit kiya tha par approval nahi mila.",pension
"Old age pension apply kiya tha, update chahiye, Arjun.",pension
"Ravi hu, pension amount account me nahi aaya hai.",pension
"Neha speaking, pension form submit kiya tha par approval nahi mila.",pension
"Mera pension account change karna hai, Amit bol raha/rahi hu.",pension
"Rajesh bol raha/rahi hu, pension portal login issue aa raha hai.",pension
"Kavita bol raha/rahi hu, pension portal login issue aa raha hai.",pension
"Vikas speaking, pension form submit kiya tha par approval nahi mila.",pension
"Amit hu, pension amount account me nahi aaya hai.",pension
"Arjun bol raha/rahi hu, pension portal login issue aa raha hai.",pension
Pension scheme me naam correction kaise kare? Pooja.,pension
Widow pension ke liye eligibility kya hai? Pooja.,pension
Senior citizen pension ka status kaise check kare? Deepak.,pension
"Arjun speaking, pension form submit kiya tha par approval nahi mila.",pension
"Mera pension account change karna hai, Rajesh bol raha/rahi hu.",pension
"Priya bol raha/rahi hu, mera pension ruka hua hai, status check karna hai.",pension
"Mera pension account change karna hai, Neha bol raha/rahi hu.",pension
"Rahul hu, pension payment ka last transaction check karna hai.",pension
Senior citizen pension ka status kaise check kare? Ravi.,pension
"Old age pension apply kiya tha, update chahiye, Karan.",pension
"Seema speaking, pension form submit kiya tha par approval nahi mila.",pension
"Vikas speaking, pension form submit kiya tha par approval nahi mila.",pension
"Karan hu, pension amount account me nahi aaya hai.",pension
Senior citizen pension ka status kaise check kare? Manoj.,pension
Senior citizen pension ka status kaise check kare? Priya.,pension
"Mera pension account change karna hai, Amit bol raha/rahi hu.",pension
"Meena hu, pension payment ka last transaction check karna hai.",pension
"Anita hu, pension payment ka last transaction check karna hai.",pension
"Ritu speaking, pension form submit kiya tha par approval nahi mila.",pension
Pension scheme me naam correction kaise kare? Priya.,pension
Senior citizen pension ka status kaise check kare? Arjun.,pension
"Priya hu, pension payment ka last transaction check karna hai.",pension
Pension scheme me naam correction kaise kare? Nisha.,pension
Widow pension ke liye eligibility kya hai? Karan.,pension
Senior citizen pension ka status kaise check kare? Pooja.,pension
Senior citizen pension ka status kaise check kare? Sunita.,pension
Widow pension ke liye eligibility kya hai? Ritu.,pension
Pension scheme me naam correction kaise kare? Pooja.,pension
"Nisha hu, pension payment ka last transaction check karna hai.",pension
Widow pension ke liye eligibility kya hai? Nisha.,pension
"Nisha bol raha/rahi hu, mera pension ruka hua hai, status check karna hai.",pension
"Neha speaking, pension form submit kiya tha par approval nahi mila.",pension
"Old age pension apply kiya tha, update chahiye, Seema.",pension
Senior citizen pension ka status kaise check kare? Seema.,pension
"Mera pension account change karna hai, Meena bol raha/rahi hu.",pension
"Old age pension apply kiya tha, update chahiye, Ravi.",pension
"Neha speaking, pension form submit kiya tha par approval nahi mila.",pension
"Suresh hu, pension payment ka last transaction check karna hai.",pension
"Old age pension apply kiya tha, update chahiye, Ritu.",pension
"Arjun bol raha/rahi hu, mera pension ruka hua hai, status check karna hai.",pension
"Rahul bol raha/rahi hu, pension portal login issue aa raha hai.",pension
Pension scheme me naam correction kaise kare? Kavita.,pension
"Mera pension account change karna hai, Priya bol raha/rahi hu.",pension
"Rajesh hu, pension amount account me nahi aaya hai.",pension
Widow pension ke liye eligibility kya hai? Kavita.,pension
"Mera pension account change karna hai, Manoj bol raha/rahi hu.",pension
"Pooja speaking, pension form submit kiya tha par approval nahi mila.",pension
"Nisha hu, pension amount account me nahi aaya hai.",pension
"Sunita speaking, pension form submit kiya tha par approval nahi mila.",pension
Pension scheme me naam correction kaise kare? Priya.,pension
Widow pension ke liye eligibility kya hai? Ritu.,pension
"Suresh bol raha/rahi hu, pension portal login issue aa raha hai.",pension
"Old age pension apply kiya tha, update chahiye, Manoj.",pension
Pension scheme me naam correction kaise kare? Manoj.,pension
"Kavita speaking, pension form submit kiya tha par approval nahi mila.",pension
Senior citizen pension ka status kaise check kare? Pooja.,pension
"Old age pension apply kiya tha, update chahiye, Priya.",pension
"Mera pension account change karna hai, Seema bol raha/rahi hu.",pension
Widow pension ke liye eligibility kya hai? Meena.,pension
Widow pension ke liye eligibility kya hai? Rajesh.,pension
"Old age pension apply kiya tha, update chahiye, Vikas.",pension
Senior citizen pension ka status kaise check kare? Kavita.,pension
Widow pension ke liye eligibility kya hai? Priya.,pension
"Old age pension apply kiya tha, update chahiye, Rajesh.",pension
"Manoj speaking, pension form submit kiya tha par approval nahi mila.",pension
Senior citizen pension ka status kaise check kare? Priya.,pension
"Old age pension apply kiya tha, update chahiye, Ravi.",pension
Pension scheme me naam correction kaise kare? Rahul.,pension
"Rajesh hu, pension payment ka last transaction check karna hai.",pension
"Rahul speaking, pension form submit kiya tha par approval nahi mila.",pension
"Old age pension apply kiya tha, update chahiye, Vikas.",pension
"Pooja hu, pension payment ka last transaction check karna hai.",pension
Pension scheme me naam correction kaise kare? Nisha.,pension
"Deepak bol raha/rahi hu, mera pension ruka hua hai, status check karna hai.",pension
Widow pension ke liye eligibility kya hai? Meena.,pension
"Sunita hu, pension payment ka last transaction check karna hai.",pension
"Meena hu, pension payment ka last transaction check karna hai.",pension
Senior citizen pension ka status kaise check kare? Vikas.,pension
Widow pension ke liye eligibility kya hai? Karan.,pension
"Priya bol raha/rahi hu, pension portal login issue aa raha hai.",pension
Pension scheme me naam correction kaise kare? Ravi.,pension
"Deepak hu, pension payment ka last transaction check karna hai.",pension
"Rahul bol raha/rahi hu, mera pension ruka hua hai, status check karna hai.",pension
"Manoj hu, pension amount account me nahi aaya hai.",pension
Senior citizen pension ka status kaise check kare? Deepak.,pension
"Arjun hu, pension payment ka last transaction check karna hai.",pension
"Priya bol raha/rahi hu, mera pension ruka hua hai, status check karna hai.",pension
Senior citizen pension ka status kaise check kare? Ritu.,pension
"Anita hu, pension amount account me nahi aaya hai.",pension
Widow pension ke liye eligibility kya hai? Rahul.,pension
Widow pension ke liye eligibility kya hai? Karan.,pension
"Kavita hu, pension payment ka last transaction check karna hai.",pension
Senior citizen pension ka status kaise check kare? Vikas.,pension
